id,user_id,scenario_type,actor_id,event_type,event_datetime
0, "2", "S1_BasicMechanics", "2", "start_detection", "2024-4-6 17:31:18"
1, "2", "S1_BasicMechanics", "2", "grab", "2024-4-6 17:31:18"
2, "2", "S1_BasicMechanics", "2", "stop_detection", "2024-4-6 17:31:20"
3, "2", "S1_BasicMechanics", "2", "release", "2024-4-6 17:31:20"
4, "2", "S1_BasicMechanics", "2", "start_detection", "2024-4-6 17:31:23"
5, "2", "S1_BasicMechanics", "2", "stop_detection", "2024-4-6 17:31:23"
6, "2", "S1_BasicMechanics", "2", "release", "2024-4-6 17:31:24"
7, "2", "S1_BasicMechanics", "2", "start_detection", "2024-4-6 17:31:30"
8, "2", "S1_BasicMechanics", "2", "stop_detection", "2024-4-6 17:31:31"
9, "2", "S1_BasicMechanics", "2", "start_detection", "2024-4-6 17:31:31"
10, "2", "S1_BasicMechanics", "2", "release", "2024-4-6 17:31:31"
11, "2", "S1_BasicMechanics", "2", "release", "2024-4-6 17:31:32"
12, "2", "S1_BasicMechanics", "2", "release", "2024-4-6 17:31:32"
13, "2", "S1_BasicMechanics", "2", "release", "2024-4-6 17:31:32"
14, "2", "S1_BasicMechanics", "2", "release", "2024-4-6 17:31:32"
15, "2", "S1_BasicMechanics", "2", "release", "2024-4-6 17:31:33"
16, "2", "S1_BasicMechanics", "2", "release", "2024-4-6 17:31:33"
17, "2", "S1_BasicMechanics", "2", "stop_detection", "2024-4-6 17:31:34"
18, "2", "S1_BasicMechanics", "2", "release", "2024-4-6 17:31:34"
19, "2", "S1_BasicMechanics", "2", "start_detection", "2024-4-6 17:31:34"
20, "2", "S1_BasicMechanics", "2", "grab", "2024-4-6 17:31:35"
21, "2", "S1_BasicMechanics", "2", "stop_detection", "2024-4-6 17:31:35"
22, "2", "S1_BasicMechanics", "2", "start_detection", "2024-4-6 17:31:35"
23, "2", "S1_BasicMechanics", "2", "release", "2024-4-6 17:31:35"
24, "2", "S1_BasicMechanics", "2", "stop_detection", "2024-4-6 17:31:36"
25, "2", "S1_BasicMechanics", "2", "grab", "2024-4-6 17:31:36"
26, "2", "S1_BasicMechanics", "2", "start_detection", "2024-4-6 17:31:36"
27, "2", "S1_BasicMechanics", "2", "stop_detection", "2024-4-6 17:31:36"
28, "2", "S1_BasicMechanics", "2", "start_detection", "2024-4-6 17:31:36"
29, "2", "S1_BasicMechanics", "2", "release", "2024-4-6 17:31:38"
30, "2", "S1_BasicMechanics", "2", "grab", "2024-4-6 17:31:38"
31, "2", "S1_BasicMechanics", "2", "release", "2024-4-6 17:31:38"
32, "2", "S1_BasicMechanics", "2", "start_detection", "2024-4-6 17:31:38"
33, "2", "S1_BasicMechanics", "2", "grab", "2024-4-6 17:31:38"
34, "2", "S1_BasicMechanics", "2", "stop_detection", "2024-4-6 17:31:38"
35, "2", "S1_BasicMechanics", "2", "release", "2024-4-6 17:31:39"
36, "2", "S1_BasicMechanics", "2", "stop_detection", "2024-4-6 17:31:39"
37, "2", "S1_BasicMechanics", "2", "start_detection", "2024-4-6 17:31:40"
38, "2", "S1_BasicMechanics", "2", "grab", "2024-4-6 17:31:40"
39, "2", "S1_BasicMechanics", "2", "release", "2024-4-6 17:31:44"
40, "2", "S1_BasicMechanics", "2", "stop_detection", "2024-4-6 17:31:44"
41, "2", "S1_BasicMechanics", "2", "start_detection", "2024-4-6 17:31:50"
42, "2", "S1_BasicMechanics", "2", "start_detection", "2024-4-6 17:32:17"
43, "2", "S1_BasicMechanics", "2", "grab", "2024-4-6 17:32:17"
44, "2", "S1_BasicMechanics", "2", "stop_detection", "2024-4-6 17:32:17"
45, "2", "S1_BasicMechanics", "2", "start_detection", "2024-4-6 17:32:17"
46, "2", "S1_BasicMechanics", "2", "release", "2024-4-6 17:32:18"
47, "2", "S1_BasicMechanics", "2", "stop_detection", "2024-4-6 17:32:18"
48, "2", "S1_BasicMechanics", "2", "start_detection", "2024-4-6 17:32:19"
49, "2", "S1_BasicMechanics", "2", "grab", "2024-4-6 17:32:19"
50, "2", "S1_BasicMechanics", "2", "start_detection", "2024-4-6 17:32:19"
51, "2", "S1_BasicMechanics", "2", "start_detection", "2024-4-6 17:32:19"
52, "2", "S1_BasicMechanics", "2", "start_detection", "2024-4-6 17:32:19"
53, "2", "S1_BasicMechanics", "2", "release", "2024-4-6 17:32:20"
54, "2", "S1_BasicMechanics", "2", "stop_detection", "2024-4-6 17:32:20"
55, "2", "S1_BasicMechanics", "2", "start_detection", "2024-4-6 17:32:21"
56, "2", "S1_BasicMechanics", "2", "grab", "2024-4-6 17:32:21"
57, "2", "S1_BasicMechanics", "2", "start_detection", "2024-4-6 17:32:21"
58, "2", "S1_BasicMechanics", "2", "start_detection", "2024-4-6 17:32:21"
59, "2", "S1_BasicMechanics", "2", "start_detection", "2024-4-6 17:32:21"
60, "2", "S1_BasicMechanics", "2", "release", "2024-4-6 17:32:21"
61, "2", "S1_BasicMechanics", "2", "stop_detection", "2024-4-6 17:32:22"
62, "2", "S1_BasicMechanics", "2", "start_detection", "2024-4-6 17:32:22"
63, "2", "S1_BasicMechanics", "2", "grab", "2024-4-6 17:32:22"
64, "2", "S1_BasicMechanics", "2", "release", "2024-4-6 17:32:26"
65, "2", "S1_BasicMechanics", "2", "stop_detection", "2024-4-6 17:32:26"
66, "2", "S1_BasicMechanics", "2", "start_detection", "2024-4-6 17:32:27"
67, "2", "S1_BasicMechanics", "2", "grab", "2024-4-6 17:32:27"
68, "2", "S1_BasicMechanics", "2", "release", "2024-4-6 17:32:29"
69, "2", "S1_BasicMechanics", "2", "stop_detection", "2024-4-6 17:32:29"
70, "2", "S1_BasicMechanics", "2", "start_detection", "2024-4-6 17:33:26"
71, "2", "S1_BasicMechanics", "2", "grab", "2024-4-6 17:33:26"
72, "2", "S1_BasicMechanics", "2", "stop_detection", "2024-4-6 17:33:26"
73, "2", "S1_BasicMechanics", "2", "start_detection", "2024-4-6 17:33:27"
74, "2", "S1_BasicMechanics", "2", "start_detection", "2024-4-6 17:33:28"
75, "2", "S1_BasicMechanics", "2", "stop_detection", "2024-4-6 17:33:28"
76, "2", "S1_BasicMechanics", "2", "start_detection", "2024-4-6 17:33:28"
77, "2", "S1_BasicMechanics", "2", "grab", "2024-4-6 17:33:29"
78, "2", "S1_BasicMechanics", "2", "stop_detection", "2024-4-6 17:33:31"
79, "2", "S1_BasicMechanics", "2", "start_detection", "2024-4-6 17:33:32"
80, "2", "S1_BasicMechanics", "2", "release", "2024-4-6 17:33:33"
81, "2", "S1_BasicMechanics", "2", "stop_detection", "2024-4-6 17:33:33"
82, "2", "S1_BasicMechanics", "2", "start_detection", "2024-4-6 17:33:34"
83, "2", "S1_BasicMechanics", "2", "stop_detection", "2024-4-6 17:33:34"
84, "2", "S1_BasicMechanics", "2", "start_detection", "2024-4-6 17:33:37"
85, "2", "S1_BasicMechanics", "2", "grab", "2024-4-6 17:33:37"
86, "2", "S1_BasicMechanics", "2", "release", "2024-4-6 17:33:40"
87, "2", "S1_BasicMechanics", "2", "stop_detection", "2024-4-6 17:33:40"
88, "2", "S1_BasicMechanics", "2", "grab", "2024-4-6 17:33:41"
89, "2", "S1_BasicMechanics", "2", "start_detection", "2024-4-6 17:33:41"
90, "2", "S1_BasicMechanics", "2", "stop_detection", "2024-4-6 17:33:41"
91, "2", "S1_BasicMechanics", "2", "start_detection", "2024-4-6 17:33:41"
92, "2", "S1_BasicMechanics", "2", "release", "2024-4-6 17:33:42"
93, "2", "S1_BasicMechanics", "2", "stop_detection", "2024-4-6 17:33:43"
94, "2", "S1_BasicMechanics", "2", "grab", "2024-4-6 17:33:43"
95, "2", "S1_BasicMechanics", "2", "start_detection", "2024-4-6 17:33:43"
96, "2", "S1_BasicMechanics", "2", "stop_detection", "2024-4-6 17:33:43"
97, "2", "S1_BasicMechanics", "2", "start_detection", "2024-4-6 17:33:43"
98, "2", "S1_BasicMechanics", "2", "release", "2024-4-6 17:33:43"
99, "2", "S1_BasicMechanics", "2", "stop_detection", "2024-4-6 17:33:44"
100, "2", "S1_BasicMechanics", "2", "stop_detection", "2024-4-6 17:33:46"
101, "2", "S1_BasicMechanics", "2", "start_detection", "2024-4-6 17:33:47"
102, "9", "S1_BasicMechanics", "2", "start_detection", "2024-4-6 18:52:8"
103, "9", "S1_BasicMechanics", "2", "grab", "2024-4-6 18:52:8"
104, "9", "S1_BasicMechanics", "2", "stop_detection", "2024-4-6 18:52:8"
105, "9", "S1_BasicMechanics", "2", "start_detection", "2024-4-6 18:52:8"
106, "9", "S1_BasicMechanics", "2", "release", "2024-4-6 18:52:8"
107, "9", "S1_BasicMechanics", "2", "stop_detection", "2024-4-6 18:52:8"
108, "9", "S1_BasicMechanics", "2", "start_detection", "2024-4-6 18:52:9"
109, "9", "S1_BasicMechanics", "2", "grab", "2024-4-6 18:52:9"
110, "9", "S1_BasicMechanics", "2", "start_detection", "2024-4-6 18:52:9"
111, "9", "S1_BasicMechanics", "2", "release", "2024-4-6 18:52:9"
112, "9", "S1_BasicMechanics", "2", "start_detection", "2024-4-6 18:52:9"
113, "9", "S1_BasicMechanics", "2", "grab", "2024-4-6 18:52:10"
114, "9", "S1_BasicMechanics", "2", "release", "2024-4-6 18:52:10"
115, "9", "S1_BasicMechanics", "2", "stop_detection", "2024-4-6 18:52:10"
116, "9", "S1_BasicMechanics", "2", "grab", "2024-4-6 18:52:11"
117, "9", "S1_BasicMechanics", "2", "start_detection", "2024-4-6 18:52:11"
118, "9", "S1_BasicMechanics", "2", "stop_detection", "2024-4-6 18:52:11"
119, "9", "S1_BasicMechanics", "2", "start_detection", "2024-4-6 18:52:11"
120, "9", "S1_BasicMechanics", "2", "release", "2024-4-6 18:52:11"
121, "9", "S1_BasicMechanics", "2", "stop_detection", "2024-4-6 18:52:11"
122, "9", "S1_BasicMechanics", "2", "grab", "2024-4-6 18:52:11"
123, "9", "S1_BasicMechanics", "2", "start_detection", "2024-4-6 18:52:11"
124, "9", "S1_BasicMechanics", "2", "stop_detection", "2024-4-6 18:52:11"
125, "9", "S1_BasicMechanics", "2", "start_detection", "2024-4-6 18:52:11"
126, "9", "S1_BasicMechanics", "2", "release", "2024-4-6 18:52:11"
127, "9", "S1_BasicMechanics", "2", "stop_detection", "2024-4-6 18:52:12"
128, "9", "S1_BasicMechanics", "2", "grab", "2024-4-6 18:52:12"
129, "9", "S1_BasicMechanics", "2", "start_detection", "2024-4-6 18:52:12"
130, "9", "S1_BasicMechanics", "2", "stop_detection", "2024-4-6 18:52:12"
131, "9", "S1_BasicMechanics", "2", "start_detection", "2024-4-6 18:52:12"
132, "9", "S1_BasicMechanics", "2", "release", "2024-4-6 18:52:12"
133, "9", "S1_BasicMechanics", "2", "stop_detection", "2024-4-6 18:52:12"
134, "9", "S1_BasicMechanics", "2", "grab", "2024-4-6 18:52:12"
135, "9", "S1_BasicMechanics", "2", "start_detection", "2024-4-6 18:52:12"
136, "9", "S1_BasicMechanics", "2", "stop_detection", "2024-4-6 18:52:12"
137, "9", "S1_BasicMechanics", "2", "start_detection", "2024-4-6 18:52:12"
138, "9", "S1_BasicMechanics", "2", "stop_detection", "2024-4-6 18:52:12"
139, "9", "S1_BasicMechanics", "2", "release", "2024-4-6 18:52:12"
140, "9", "S1_BasicMechanics", "2", "grab", "2024-4-6 18:52:12"
141, "9", "S1_BasicMechanics", "2", "start_detection", "2024-4-6 18:52:12"
142, "9", "S1_BasicMechanics", "2", "stop_detection", "2024-4-6 18:52:12"
143, "9", "S1_BasicMechanics", "2", "start_detection", "2024-4-6 18:52:12"
144, "9", "S1_BasicMechanics", "2", "release", "2024-4-6 18:52:12"
145, "9", "S1_BasicMechanics", "2", "stop_detection", "2024-4-6 18:52:12"
146, "9", "S1_BasicMechanics", "2", "grab", "2024-4-6 18:52:13"
147, "9", "S1_BasicMechanics", "2", "start_detection", "2024-4-6 18:52:13"
148, "9", "S1_BasicMechanics", "2", "stop_detection", "2024-4-6 18:52:13"
149, "9", "S1_BasicMechanics", "2", "start_detection", "2024-4-6 18:52:13"
150, "9", "S1_BasicMechanics", "2", "stop_detection", "2024-4-6 18:52:13"
151, "9", "S1_BasicMechanics", "2", "release", "2024-4-6 18:52:13"
152, "9", "S1_BasicMechanics", "2", "grab", "2024-4-6 18:52:15"
153, "9", "S1_BasicMechanics", "2", "start_detection", "2024-4-6 18:52:15"
154, "9", "S1_BasicMechanics", "2", "stop_detection", "2024-4-6 18:52:15"
155, "9", "S1_BasicMechanics", "2", "start_detection", "2024-4-6 18:52:15"
156, "9", "S1_BasicMechanics", "2", "release", "2024-4-6 18:52:15"
157, "9", "S1_BasicMechanics", "2", "stop_detection", "2024-4-6 18:52:15"
158, "9", "S1_BasicMechanics", "2", "grab", "2024-4-6 18:52:15"
159, "9", "S1_BasicMechanics", "2", "start_detection", "2024-4-6 18:52:15"
160, "9", "S1_BasicMechanics", "2", "stop_detection", "2024-4-6 18:52:15"
161, "9", "S1_BasicMechanics", "2", "start_detection", "2024-4-6 18:52:15"
162, "9", "S1_BasicMechanics", "2", "release", "2024-4-6 18:52:15"
163, "9", "S1_BasicMechanics", "2", "stop_detection", "2024-4-6 18:52:16"
164, "9", "S1_BasicMechanics", "2", "grab", "2024-4-6 18:52:16"
165, "9", "S1_BasicMechanics", "2", "start_detection", "2024-4-6 18:52:16"
166, "9", "S1_BasicMechanics", "2", "stop_detection", "2024-4-6 18:52:16"
167, "9", "S1_BasicMechanics", "2", "start_detection", "2024-4-6 18:52:16"
168, "9", "S1_BasicMechanics", "2", "release", "2024-4-6 18:52:16"
169, "9", "S1_BasicMechanics", "2", "stop_detection", "2024-4-6 18:52:16"
170, "9", "S1_BasicMechanics", "2", "grab", "2024-4-6 18:52:17"
171, "9", "S1_BasicMechanics", "2", "start_detection", "2024-4-6 18:52:17"
172, "9", "S1_BasicMechanics", "2", "stop_detection", "2024-4-6 18:52:17"
173, "9", "S1_BasicMechanics", "2", "start_detection", "2024-4-6 18:52:17"
174, "9", "S1_BasicMechanics", "2", "release", "2024-4-6 18:52:17"
175, "9", "S1_BasicMechanics", "2", "stop_detection", "2024-4-6 18:52:17"
176, "9", "S1_BasicMechanics", "2", "grab", "2024-4-6 18:52:18"
177, "9", "S1_BasicMechanics", "2", "start_detection", "2024-4-6 18:52:18"
178, "9", "S1_BasicMechanics", "2", "stop_detection", "2024-4-6 18:52:18"
179, "9", "S1_BasicMechanics", "2", "start_detection", "2024-4-6 18:52:18"
180, "9", "S1_BasicMechanics", "2", "release", "2024-4-6 18:52:18"
181, "9", "S1_BasicMechanics", "2", "stop_detection", "2024-4-6 18:52:18"
182, "9", "S1_BasicMechanics", "2", "grab", "2024-4-6 18:52:18"
183, "9", "S1_BasicMechanics", "2", "start_detection", "2024-4-6 18:52:18"
184, "9", "S1_BasicMechanics", "2", "stop_detection", "2024-4-6 18:52:18"
185, "9", "S1_BasicMechanics", "2", "start_detection", "2024-4-6 18:52:18"
186, "9", "S1_BasicMechanics", "2", "release", "2024-4-6 18:52:19"
187, "9", "S1_BasicMechanics", "2", "stop_detection", "2024-4-6 18:52:19"
188, "9", "S1_BasicMechanics", "2", "grab", "2024-4-6 18:52:21"
189, "9", "S1_BasicMechanics", "2", "start_detection", "2024-4-6 18:52:21"
190, "9", "S1_BasicMechanics", "2", "stop_detection", "2024-4-6 18:52:21"
191, "9", "S1_BasicMechanics", "2", "start_detection", "2024-4-6 18:52:21"
192, "9", "S1_BasicMechanics", "2", "start_detection", "2024-4-6 18:52:21"
193, "9", "S1_BasicMechanics", "2", "stop_detection", "2024-4-6 18:52:21"
194, "9", "S1_BasicMechanics", "2", "start_detection", "2024-4-6 18:52:21"
195, "9", "S1_BasicMechanics", "2", "stop_detection", "2024-4-6 18:52:24"
196, "9", "S1_BasicMechanics", "2", "start_detection", "2024-4-6 18:52:24"
197, "9", "S1_BasicMechanics", "2", "start_detection", "2024-4-6 18:52:25"
198, "9", "S1_BasicMechanics", "2", "grab", "2024-4-6 18:52:25"
199, "9", "S1_BasicMechanics", "2", "start_detection", "2024-4-6 18:52:26"
200, "9", "S1_BasicMechanics", "2", "start_detection", "2024-4-6 18:52:26"
201, "9", "S1_BasicMechanics", "2", "stop_detection", "2024-4-6 18:52:26"
202, "9", "S1_BasicMechanics", "2", "release", "2024-4-6 18:52:26"
203, "9", "S1_BasicMechanics", "2", "start_detection", "2024-4-6 18:52:26"
204, "9", "S1_BasicMechanics", "2", "stop_detection", "2024-4-6 18:52:26"
205, "9", "S1_BasicMechanics", "2", "grab", "2024-4-6 18:52:28"
206, "9", "S1_BasicMechanics", "2", "start_detection", "2024-4-6 18:52:28"
207, "9", "S1_BasicMechanics", "2", "stop_detection", "2024-4-6 18:52:28"
208, "9", "S1_BasicMechanics", "2", "start_detection", "2024-4-6 18:52:28"
209, "9", "S1_BasicMechanics", "2", "stop_detection", "2024-4-6 18:52:29"
210, "9", "S1_BasicMechanics", "2", "start_detection", "2024-4-6 18:52:29"
211, "9", "S1_BasicMechanics", "2", "start_detection", "2024-4-6 18:52:29"
212, "9", "S1_BasicMechanics", "2", "start_detection", "2024-4-6 18:52:29"
213, "9", "S1_BasicMechanics", "2", "start_detection", "2024-4-6 18:52:29"
214, "9", "S1_BasicMechanics", "2", "start_detection", "2024-4-6 18:52:29"
215, "9", "S1_BasicMechanics", "2", "stop_detection", "2024-4-6 18:52:29"
216, "9", "S1_BasicMechanics", "2", "release", "2024-4-6 18:52:29"
217, "9", "S1_BasicMechanics", "2", "start_detection", "2024-4-6 18:52:29"
218, "9", "S1_BasicMechanics", "2", "stop_detection", "2024-4-6 18:52:29"
219, "9", "S1_BasicMechanics", "2", "grab", "2024-4-6 18:52:31"
220, "9", "S1_BasicMechanics", "2", "start_detection", "2024-4-6 18:52:31"
221, "9", "S1_BasicMechanics", "2", "stop_detection", "2024-4-6 18:52:31"
222, "9", "S1_BasicMechanics", "2", "start_detection", "2024-4-6 18:52:31"
223, "9", "S1_BasicMechanics", "2", "stop_detection", "2024-4-6 18:52:32"
224, "9", "S1_BasicMechanics", "2", "start_detection", "2024-4-6 18:52:32"
225, "9", "S1_BasicMechanics", "2", "start_detection", "2024-4-6 18:52:32"
226, "9", "S1_BasicMechanics", "2", "start_detection", "2024-4-6 18:52:32"
227, "9", "S1_BasicMechanics", "2", "stop_detection", "2024-4-6 18:52:32"
228, "9", "S1_BasicMechanics", "2", "release", "2024-4-6 18:52:32"
229, "9", "S1_BasicMechanics", "2", "grab", "2024-4-6 18:52:34"
230, "9", "S1_BasicMechanics", "2", "start_detection", "2024-4-6 18:52:34"
231, "9", "S1_BasicMechanics", "2", "stop_detection", "2024-4-6 18:52:34"
232, "9", "S1_BasicMechanics", "2", "start_detection", "2024-4-6 18:52:34"
233, "9", "S1_BasicMechanics", "2", "start_detection", "2024-4-6 18:52:36"
234, "9", "S1_BasicMechanics", "2", "stop_detection", "2024-4-6 18:52:36"
235, "9", "S1_BasicMechanics", "2", "start_detection", "2024-4-6 18:52:36"
236, "9", "S1_BasicMechanics", "2", "start_detection", "2024-4-6 18:52:37"
237, "9", "S1_BasicMechanics", "2", "stop_detection", "2024-4-6 18:52:37"
238, "9", "S1_BasicMechanics", "2", "start_detection", "2024-4-6 18:52:37"
239, "9", "S1_BasicMechanics", "2", "release", "2024-4-6 18:52:37"
240, "9", "S1_BasicMechanics", "2", "stop_detection", "2024-4-6 18:52:37"
241, "9", "S1_BasicMechanics", "2", "grab", "2024-4-6 18:52:39"
242, "9", "S1_BasicMechanics", "2", "start_detection", "2024-4-6 18:52:39"
243, "9", "S1_BasicMechanics", "2", "stop_detection", "2024-4-6 18:52:39"
244, "9", "S1_BasicMechanics", "2", "start_detection", "2024-4-6 18:52:39"
245, "9", "S1_BasicMechanics", "2", "release", "2024-4-6 18:52:41"
246, "9", "S1_BasicMechanics", "2", "stop_detection", "2024-4-6 18:52:41"
247, "9", "S1_BasicMechanics", "2", "stop_detection", "2024-4-6 18:52:41"
248, "9", "S1_BasicMechanics", "2", "start_detection", "2024-4-6 18:52:41"
249, "9", "S1_BasicMechanics", "2", "stop_detection", "2024-4-6 18:52:42"
250, "9", "S1_BasicMechanics", "2", "release", "2024-4-6 18:52:42"
251, "9", "S1_BasicMechanics", "2", "start_detection", "2024-4-6 18:52:42"
252, "9", "S1_BasicMechanics", "2", "stop_detection", "2024-4-6 18:52:42"
253, "9", "S1_BasicMechanics", "2", "grab", "2024-4-6 18:52:44"
254, "9", "S1_BasicMechanics", "2", "start_detection", "2024-4-6 18:52:44"
255, "9", "S1_BasicMechanics", "2", "stop_detection", "2024-4-6 18:52:44"
256, "9", "S1_BasicMechanics", "2", "start_detection", "2024-4-6 18:52:44"
257, "9", "S1_BasicMechanics", "2", "release", "2024-4-6 18:52:45"
258, "9", "S1_BasicMechanics", "2", "stop_detection", "2024-4-6 18:52:45"
259, "9", "S1_BasicMechanics", "2", "release", "2024-4-6 18:52:45"
260, "9", "S1_BasicMechanics", "2", "release", "2024-4-6 18:52:52"
261, "9", "S1_BasicMechanics", "2", "release", "2024-4-6 18:52:52"
262, "9", "S1_BasicMechanics", "2", "release", "2024-4-6 18:52:53"
263, "9", "S1_BasicMechanics", "2", "release", "2024-4-6 18:52:54"
264, "9", "S1_BasicMechanics", "2", "release", "2024-4-6 18:52:55"
265, "9", "S1_BasicMechanics", "2", "release", "2024-4-6 18:52:56"
266, "9", "S1_BasicMechanics", "2", "release", "2024-4-6 18:52:56"
267, "9", "S1_BasicMechanics", "2", "release", "2024-4-6 18:52:57"
268, "9", "S1_BasicMechanics", "2", "release", "2024-4-6 18:52:57"
269, "9", "S1_BasicMechanics", "2", "release", "2024-4-6 18:52:58"
270, "0", "Default", "2", "grab", "2024-4-15 19:45:13"
271, "0", "Default", "2", "grab", "2024-4-15 19:45:13"
272, "0", "Default", "2", "grab", "2024-4-15 19:45:13"
273, "0", "Default", "2", "release", "2024-4-15 19:45:16"
274, "0", "Default", "2", "grab", "2024-4-15 19:45:16"
275, "0", "Default", "2", "grab", "2024-4-15 19:45:16"
276, "0", "Default", "2", "grab", "2024-4-15 19:45:16"
277, "0", "Default", "2", "release", "2024-4-15 19:45:17"
278, "0", "Default", "2", "grab", "2024-4-15 19:45:17"
279, "0", "Default", "2", "grab", "2024-4-15 19:45:17"
280, "0", "Default", "2", "grab", "2024-4-15 19:45:17"
281, "0", "Default", "2", "release", "2024-4-15 19:45:18"
282, "0", "Default", "2", "grab", "2024-4-15 19:45:19"
283, "0", "Default", "2", "grab", "2024-4-15 19:45:19"
284, "0", "Default", "2", "grab", "2024-4-15 19:45:19"
285, "0", "Default", "2", "release", "2024-4-15 19:45:21"
286, "0", "Default", "2", "grab", "2024-4-15 19:45:22"
287, "0", "Default", "2", "grab", "2024-4-15 19:45:22"
288, "0", "Default", "2", "grab", "2024-4-15 19:45:22"
289, "0", "Default", "2", "release", "2024-4-15 19:45:24"
290, "0", "Default", "2", "grab", "2024-4-15 19:45:24"
291, "0", "Default", "2", "grab", "2024-4-15 19:45:24"
292, "0", "Default", "2", "grab", "2024-4-15 19:45:24"
293, "0", "Default", "2", "start_detection", "2024-4-20 19:16:20"
294, "0", "Default", "2", "grab", "2024-4-20 19:16:20"
295, "0", "Default", "2", "start_detection", "2024-4-20 19:16:22"
296, "0", "Default", "2", "grab", "2024-4-20 19:16:24"
297, "0", "Default", "2", "stop_detection", "2024-4-20 19:16:25"
298, "0", "Default", "2", "start_detection", "2024-4-20 19:16:26"
299, "0", "Default", "2", "grab", "2024-4-20 19:16:27"
300, "0", "Default", "2", "start_detection", "2024-4-20 19:16:27"
301, "0", "Default", "2", "grab", "2024-4-20 19:16:29"
302, "0", "Default", "2", "stop_detection", "2024-4-20 19:16:29"
303, "0", "Default", "2", "start_detection", "2024-4-20 19:16:29"
304, "0", "Default", "2", "grab", "2024-4-20 19:16:30"
305, "0", "Default", "2", "stop_detection", "2024-4-20 19:16:30"
306, "0", "Default", "2", "start_detection", "2024-4-20 19:16:31"
307, "0", "Default", "2", "grab", "2024-4-20 19:16:32"
308, "0", "Default", "2", "stop_detection", "2024-4-20 19:16:32"
309, "0", "Default", "2", "start_detection", "2024-4-20 19:16:33"
310, "0", "Default", "2", "grab", "2024-4-20 19:16:34"
311, "0", "Default", "2", "stop_detection", "2024-4-20 19:16:34"
312, "0", "Default", "2", "start_detection", "2024-4-20 19:16:34"
313, "0", "Default", "2", "grab", "2024-4-20 19:16:36"
314, "0", "Default", "2", "stop_detection", "2024-4-20 19:16:36"
315, "0", "Default", "2", "start_detection", "2024-4-20 19:16:37"
316, "0", "Default", "2", "grab", "2024-4-20 19:16:37"
317, "0", "Default", "2", "stop_detection", "2024-4-20 19:16:37"
318, "0", "Default", "2", "start_detection", "2024-4-20 19:16:38"
319, "0", "Default", "2", "stop_detection", "2024-4-20 19:16:39"
320, "0", "Default", "2", "start_detection", "2024-4-20 19:16:39"
321, "0", "Default", "2", "grab", "2024-4-20 19:16:40"
322, "0", "Default", "2", "stop_detection", "2024-4-20 19:16:40"
323, "0", "Default", "2", "start_detection", "2024-4-20 19:16:41"
324, "0", "Default", "2", "stop_detection", "2024-4-20 19:16:42"
325, "0", "Default", "2", "start_detection", "2024-4-20 19:16:43"
326, "0", "Default", "2", "stop_detection", "2024-4-20 19:16:43"
327, "0", "Default", "2", "start_detection", "2024-4-20 19:16:43"
328, "0", "Default", "2", "grab", "2024-4-20 19:16:45"
329, "0", "Default", "2", "stop_detection", "2024-4-20 19:16:45"
330, "0", "Default", "2", "start_detection", "2024-4-20 19:16:46"
331, "0", "Default", "2", "stop_detection", "2024-4-20 19:16:47"
332, "0", "Default", "2", "start_detection", "2024-4-20 19:16:47"
333, "0", "Default", "2", "start_detection", "2024-4-20 19:16:47"
334, "0", "Default", "2", "grab", "2024-4-20 19:16:47"
335, "0", "Default", "2", "stop_detection", "2024-4-20 19:16:47"
336, "0", "Default", "2", "release", "2024-4-20 19:16:49"
337, "0", "Default", "2", "stop_detection", "2024-4-20 19:16:49"
338, "0", "Default", "2", "start_detection", "2024-4-20 19:16:52"
339, "0", "Default", "2", "grab", "2024-4-20 19:16:52"
340, "0", "Default", "2", "stop_detection", "2024-4-20 19:16:52"
341, "0", "Default", "2", "start_detection", "2024-4-20 19:16:53"
342, "0", "Default", "2", "stop_detection", "2024-4-20 19:16:53"
343, "0", "Default", "2", "start_detection", "2024-4-20 19:16:53"
344, "0", "Default", "2", "stop_detection", "2024-4-20 19:16:53"
345, "0", "Default", "2", "start_detection", "2024-4-20 19:16:53"
346, "0", "Default", "2", "stop_detection", "2024-4-20 19:16:53"
347, "0", "Default", "2", "start_detection", "2024-4-20 19:16:53"
348, "0", "Default", "2", "stop_detection", "2024-4-20 19:16:53"
349, "0", "Default", "2", "start_detection", "2024-4-20 19:16:53"
350, "0", "Default", "2", "stop_detection", "2024-4-20 19:16:53"
351, "0", "Default", "2", "start_detection", "2024-4-20 19:16:53"
352, "0", "Default", "2", "stop_detection", "2024-4-20 19:16:53"
353, "0", "Default", "2", "start_detection", "2024-4-20 19:16:53"
354, "0", "Default", "2", "stop_detection", "2024-4-20 19:16:53"
355, "0", "Default", "2", "start_detection", "2024-4-20 19:16:53"
356, "0", "Default", "2", "stop_detection", "2024-4-20 19:16:53"
357, "0", "Default", "2", "start_detection", "2024-4-20 19:16:53"
358, "0", "Default", "2", "start_detection", "2024-4-20 19:16:53"
359, "0", "Default", "2", "grab", "2024-4-20 19:16:54"
360, "0", "Default", "2", "stop_detection", "2024-4-20 19:16:54"
361, "0", "Default", "2", "start_detection", "2024-4-20 19:16:56"
362, "0", "Default", "2", "stop_detection", "2024-4-20 19:16:57"
363, "0", "Default", "2", "start_detection", "2024-4-20 19:16:57"
364, "0", "Default", "2", "stop_detection", "2024-4-20 19:16:58"
365, "0", "Default", "2", "start_detection", "2024-4-20 19:16:58"
366, "0", "Default", "2", "grab", "2024-4-20 19:16:58"
367, "0", "Default", "2", "stop_detection", "2024-4-20 19:16:58"
368, "0", "Default", "2", "start_detection", "2024-4-20 19:16:59"
369, "0", "Default", "2", "grab", "2024-4-20 19:16:59"
370, "0", "Default", "2", "grab", "2024-4-20 19:17:0"
371, "0", "Default", "2", "grab", "2024-4-20 19:17:1"
372, "0", "Default", "2", "start_detection", "2024-4-20 19:17:1"
373, "0", "Default", "2", "grab", "2024-4-20 19:17:1"
374, "0", "Default", "2", "release", "2024-4-20 19:17:2"
375, "0", "Default", "2", "start_detection", "2024-4-20 19:24:46"
376, "0", "Default", "2", "grab", "2024-4-20 19:24:46"
377, "0", "Default", "2", "release", "2024-4-20 19:24:48"
378, "0", "Default", "2", "stop_detection", "2024-4-20 19:24:48"
379, "0", "Default", "2", "start_detection", "2024-4-20 19:24:48"
380, "0", "Default", "2", "grab", "2024-4-20 19:24:48"
381, "0", "Default", "2", "release", "2024-4-20 19:24:51"
382, "0", "Default", "2", "grab", "2024-4-20 19:24:51"
383, "0", "Default", "2", "release", "2024-4-20 19:24:52"
384, "0", "Default", "2", "grab", "2024-4-20 19:24:53"
385, "0", "Default", "2", "release", "2024-4-20 19:24:54"
386, "0", "Default", "2", "stop_detection", "2024-4-20 19:24:54"
387, "0", "Default", "2", "start_detection", "2024-4-20 19:24:55"
388, "0", "Default", "2", "stop_detection", "2024-4-20 19:24:55"
389, "0", "Default", "2", "start_detection", "2024-4-20 19:24:56"
390, "0", "Default", "2", "grab", "2024-4-20 19:24:56"
391, "0", "Default", "2", "stop_detection", "2024-4-20 19:24:56"
392, "0", "Default", "2", "start_detection", "2024-4-20 19:24:56"
393, "0", "Default", "2", "release", "2024-4-20 19:24:58"
394, "0", "Default", "2", "stop_detection", "2024-4-20 19:24:59"
395, "0", "Default", "2", "start_detection", "2024-4-20 19:30:38"
396, "0", "Default", "2", "grab", "2024-4-20 19:30:39"
397, "0", "Default", "2", "release", "2024-4-20 19:30:41"
398, "0", "Default", "2", "grab", "2024-4-20 19:30:41"
399, "0", "Default", "2", "stop_detection", "2024-4-20 19:30:41"
400, "0", "Default", "2", "start_detection", "2024-4-20 19:30:41"
401, "0", "Default", "2", "release", "2024-4-20 19:30:43"
402, "0", "Default", "2", "stop_detection", "2024-4-20 19:30:43"
403, "0", "Default", "2", "start_detection", "2024-4-20 19:30:45"
404, "0", "Default", "2", "grab", "2024-4-20 19:30:45"
405, "0", "Default", "2", "release", "2024-4-20 19:30:46"
406, "2", "Default", "2", "start_detection", "2024-4-21 20:27:55"
407, "2", "Default", "2", "grab", "2024-4-21 20:27:55"
408, "2", "Default", "2", "stop_detection", "2024-4-21 20:27:57"
409, "2", "Default", "2", "start_detection", "2024-4-21 20:27:57"
410, "2", "Default", "2", "start_detection", "2024-4-21 20:27:57"
411, "2", "Default", "2", "stop_detection", "2024-4-21 20:27:57"
412, "2", "Default", "2", "stop_detection", "2024-4-21 20:27:57"
413, "2", "Default", "2", "start_detection", "2024-4-21 20:27:57"
414, "2", "Default", "2", "start_detection", "2024-4-21 20:27:57"
415, "2", "Default", "2", "stop_detection", "2024-4-21 20:27:57"
416, "2", "Default", "2", "start_detection", "2024-4-21 20:27:58"
417, "2", "Default", "2", "stop_detection", "2024-4-21 20:27:58"
418, "2", "Default", "2", "stop_detection", "2024-4-21 20:27:58"
419, "2", "Default", "2", "start_detection", "2024-4-21 20:27:58"
420, "2", "Default", "2", "stop_detection", "2024-4-21 20:27:58"
421, "2", "Default", "2", "start_detection", "2024-4-21 20:27:58"
422, "2", "Default", "2", "start_detection", "2024-4-21 20:27:58"
423, "2", "Default", "2", "stop_detection", "2024-4-21 20:27:58"
424, "2", "Default", "2", "start_detection", "2024-4-21 20:27:58"
425, "2", "Default", "2", "stop_detection", "2024-4-21 20:27:58"
426, "2", "Default", "2", "start_detection", "2024-4-21 20:27:59"
427, "2", "Default", "2", "stop_detection", "2024-4-21 20:27:59"
428, "2", "Default", "2", "start_detection", "2024-4-21 20:27:59"
429, "2", "Default", "2", "stop_detection", "2024-4-21 20:27:59"
430, "2", "Default", "2", "start_detection", "2024-4-21 20:27:59"
431, "2", "Default", "2", "stop_detection", "2024-4-21 20:27:59"
432, "2", "Default", "2", "release", "2024-4-21 20:28:2"
433, "2", "Default", "2", "stop_detection", "2024-4-21 20:28:2"
434, "2", "Default", "4", "start_detection", "2024-4-21 20:28:7"
435, "2", "Default", "4", "grab", "2024-4-21 20:28:8"
436, "2", "Default", "4", "release", "2024-4-21 20:28:9"
437, "2", "Default", "4", "stop_detection", "2024-4-21 20:28:9"
438, "2", "Default", "2", "start_detection", "2024-4-21 20:28:13"
439, "2", "Default", "2", "grab", "2024-4-21 20:28:13"
440, "2", "Default", "2", "stop_detection", "2024-4-21 20:28:13"
441, "2", "Default", "2", "start_detection", "2024-4-21 20:28:13"
442, "2", "Default", "2", "release", "2024-4-21 20:28:14"
443, "2", "Default", "2", "stop_detection", "2024-4-21 20:28:14"
444, "2", "Default", "2", "start_detection", "2024-4-21 20:28:14"
445, "2", "Default", "2", "grab", "2024-4-21 20:28:14"
446, "2", "Default", "2", "release", "2024-4-21 20:28:15"
447, "2", "Default", "2", "stop_detection", "2024-4-21 20:28:15"
448, "2", "Default", "4", "start_detection", "2024-4-21 20:28:16"
449, "2", "Default", "4", "grab", "2024-4-21 20:28:16"
450, "2", "Default", "4", "stop_detection", "2024-4-21 20:28:16"
451, "2", "Default", "4", "start_detection", "2024-4-21 20:28:16"
452, "2", "Default", "4", "stop_detection", "2024-4-21 20:28:16"
453, "2", "Default", "4", "start_detection", "2024-4-21 20:28:16"
454, "2", "Default", "4", "release", "2024-4-21 20:28:17"
455, "2", "Default", "4", "stop_detection", "2024-4-21 20:28:17"
456, "2", "Default", "2", "start_detection", "2024-4-21 20:29:28"
457, "2", "Default", "2", "grab", "2024-4-21 20:29:29"
458, "2", "Default", "2", "start_detection", "2024-4-21 20:29:30"
459, "2", "Default", "2", "grab", "2024-4-21 20:29:30"
460, "2", "Default", "2", "grab", "2024-4-21 20:29:31"
461, "2", "Default", "2", "stop_detection", "2024-4-21 20:29:31"
462, "2", "Default", "2", "stop_detection", "2024-4-21 20:29:33"
463, "2", "Default", "2", "start_detection", "2024-4-21 20:29:33"
464, "2", "Default", "2", "release", "2024-4-21 20:29:33"
465, "2", "Default", "2", "stop_detection", "2024-4-21 20:29:33"
466, "2", "Default", "4", "start_detection", "2024-4-21 20:29:37"
467, "2", "Default", "4", "grab", "2024-4-21 20:29:38"
468, "2", "Default", "4", "release", "2024-4-21 20:29:39"
469, "2", "Default", "4", "stop_detection", "2024-4-21 20:29:39"
470, "2", "Default", "2", "start_detection", "2024-4-21 20:29:40"
471, "2", "Default", "2", "grab", "2024-4-21 20:29:40"
472, "2", "Default", "2", "stop_detection", "2024-4-21 20:29:40"
473, "2", "Default", "2", "start_detection", "2024-4-21 20:29:40"
474, "2", "Default", "2", "stop_detection", "2024-4-21 20:29:40"
475, "2", "Default", "2", "start_detection", "2024-4-21 20:29:40"
476, "2", "Default", "2", "start_detection", "2024-4-21 20:29:40"
477, "2", "Default", "2", "release", "2024-4-21 20:29:40"
478, "2", "Default", "2", "start_detection", "2024-4-21 20:29:41"
479, "2", "Default", "2", "stop_detection", "2024-4-21 20:29:41"
480, "2", "Default", "4", "start_detection", "2024-4-21 20:29:41"
481, "2", "Default", "4", "grab", "2024-4-21 20:29:41"
482, "2", "Default", "4", "stop_detection", "2024-4-21 20:29:41"
483, "2", "Default", "4", "start_detection", "2024-4-21 20:29:41"
484, "2", "Default", "4", "release", "2024-4-21 20:29:42"
485, "2", "Default", "4", "stop_detection", "2024-4-21 20:29:42"
486, "2", "Default", "2", "start_detection", "2024-4-21 20:29:42"
487, "2", "Default", "2", "grab", "2024-4-21 20:29:43"
488, "2", "Default", "2", "start_detection", "2024-4-21 20:29:43"
489, "2", "Default", "2", "release", "2024-4-21 20:29:44"
490, "2", "Default", "2", "start_detection", "2024-4-21 20:29:44"
491, "2", "Default", "2", "stop_detection", "2024-4-21 20:29:44"
492, "2", "Default", "2", "start_detection", "2024-4-21 20:29:44"
493, "2", "Default", "2", "grab", "2024-4-21 20:29:44"
494, "2", "Default", "2", "release", "2024-4-21 20:29:45"
495, "2", "Default", "2", "stop_detection", "2024-4-21 20:29:45"
496, "2", "Default", "4", "start_detection", "2024-4-21 20:29:46"
497, "2", "Default", "4", "grab", "2024-4-21 20:29:46"
498, "2", "Default", "4", "stop_detection", "2024-4-21 20:29:46"
499, "2", "Default", "4", "start_detection", "2024-4-21 20:29:46"
500, "2", "Default", "4", "start_detection", "2024-4-21 20:29:46"
501, "2", "Default", "4", "stop_detection", "2024-4-21 20:29:46"
502, "2", "Default", "4", "start_detection", "2024-4-21 20:29:46"
503, "2", "Default", "4", "start_detection", "2024-4-21 20:29:46"
504, "2", "Default", "4", "start_detection", "2024-4-21 20:29:46"
505, "2", "Default", "4", "stop_detection", "2024-4-21 20:29:46"
506, "2", "Default", "4", "grab", "2024-4-21 20:29:47"
507, "2", "Default", "4", "start_detection", "2024-4-21 20:29:47"
508, "2", "Default", "4", "stop_detection", "2024-4-21 20:29:47"
509, "2", "Default", "4", "start_detection", "2024-4-21 20:29:47"
510, "2", "Default", "4", "release", "2024-4-21 20:29:49"
511, "2", "Default", "4", "release", "2024-4-21 20:29:49"
512, "2", "Default", "4", "stop_detection", "2024-4-21 20:29:49"
513, "2", "Default", "4", "stop_detection", "2024-4-21 20:29:49"
514, "2", "Default", "2", "start_detection", "2024-4-21 20:29:51"
515, "2", "Default", "2", "grab", "2024-4-21 20:29:51"
516, "2", "Default", "2", "stop_detection", "2024-4-21 20:29:51"
517, "2", "Default", "2", "start_detection", "2024-4-21 20:29:51"
518, "2", "Default", "2", "start_detection", "2024-4-21 20:29:52"
519, "2", "Default", "2", "release", "2024-4-21 20:29:53"
520, "2", "Default", "2", "start_detection", "2024-4-21 20:29:53"
521, "2", "Default", "2", "start_detection", "2024-4-21 20:29:53"
522, "2", "Default", "2", "stop_detection", "2024-4-21 20:29:53"
523, "2", "Default", "4", "start_detection", "2024-4-21 20:29:54"
524, "2", "Default", "4", "grab", "2024-4-21 20:29:54"
525, "2", "Default", "4", "release", "2024-4-21 20:29:55"
526, "2", "Default", "4", "stop_detection", "2024-4-21 20:29:55"
527, "2", "Default", "2", "start_detection", "2024-4-21 20:29:57"
528, "2", "Default", "2", "stop_detection", "2024-4-21 20:29:57"
529, "2", "Default", "2", "start_detection", "2024-4-21 20:30:2"
530, "2", "Default", "2", "grab", "2024-4-21 20:30:2"
531, "2", "Default", "2", "release", "2024-4-21 20:30:6"
532, "2", "Default", "2", "stop_detection", "2024-4-21 20:30:7"
533, "2", "Default", "4", "start_detection", "2024-4-21 20:30:8"
534, "2", "Default", "4", "grab", "2024-4-21 20:30:8"
535, "2", "Default", "4", "release", "2024-4-21 20:30:9"
536, "2", "Default", "4", "stop_detection", "2024-4-21 20:30:9"
537, "2", "Default", "2", "start_detection", "2024-4-21 20:30:11"
538, "2", "Default", "2", "grab", "2024-4-21 20:30:11"
539, "2", "Default", "2", "stop_detection", "2024-4-21 20:30:11"
540, "2", "Default", "2", "start_detection", "2024-4-21 20:30:11"
541, "2", "Default", "2", "stop_detection", "2024-4-21 20:30:12"
542, "2", "Default", "2", "start_detection", "2024-4-21 20:30:12"
543, "2", "Default", "2", "release", "2024-4-21 20:30:13"
544, "2", "Default", "2", "stop_detection", "2024-4-21 20:30:13"
545, "2", "Default", "2", "start_detection", "2024-4-21 20:30:14"
546, "2", "Default", "2", "grab", "2024-4-21 20:30:14"
547, "2", "Default", "2", "start_detection", "2024-4-21 20:30:14"
548, "2", "Default", "2", "release", "2024-4-21 20:30:15"
549, "2", "Default", "2", "start_detection", "2024-4-21 20:30:15"
550, "2", "Default", "2", "stop_detection", "2024-4-21 20:30:15"
551, "2", "Default", "2", "start_detection", "2024-4-21 20:30:15"
552, "2", "Default", "2", "grab", "2024-4-21 20:30:15"
553, "2", "Default", "2", "release", "2024-4-21 20:30:16"
554, "2", "Default", "2", "stop_detection", "2024-4-21 20:30:16"