id,user_id,scenario_type,input_type,input_state,event_datetime
0, "2", "Develop", "IA_Grab_Right", "Started", "2024-1-19 17:20:59"
1, "2", "Develop", "IA_Grab_Right", "Completed", "2024-1-19 17:21:0"
2, "2", "Develop", "IA_Grab_Right", "Started", "2024-1-19 17:21:0"
3, "2", "Develop", "IA_Grab_Right", "Completed", "2024-1-19 17:21:0"
4, "2", "Develop", "IA_Menu_Interact_Right", "Started", "2024-1-19 17:21:1"
5, "2", "Develop", "IA_Menu_Interact_Right", "Completed", "2024-1-19 17:21:1"
6, "2", "Develop", "IA_Menu_Interact_Right", "Started", "2024-1-19 17:21:2"
7, "2", "Develop", "IA_Menu_Interact_Right", "Completed", "2024-1-19 17:21:2"
8, "2", "Develop", "IA_Move_Right", "Started", "2024-1-19 17:21:3"
9, "2", "Develop", "IA_Move_Right", "Completed", "2024-1-19 17:21:4"
10, "2", "Develop", "IA_Move_Right", "Started", "2024-1-19 17:21:4"
11, "2", "Develop", "IA_Move_Right", "Completed", "2024-1-19 17:21:5"
12, "2", "Develop", "IA_Menu_Toggle_Right", "Started", "2024-1-19 17:21:6"
13, "2", "Develop", "IA_Menu_Toggle_Right", "Completed", "2024-1-19 17:21:6"
14, "2", "Develop", "IA_Menu_Toggle_Right", "Started", "2024-1-19 17:21:7"
15, "2", "Develop", "IA_Menu_Toggle_Right", "Completed", "2024-1-19 17:21:7"
16, "2", "Develop", "IA_Menu_Toggle_Left", "Started", "2024-1-19 17:21:10"
17, "2", "Develop", "IA_Menu_Toggle_Left", "Completed", "2024-1-19 17:21:10"
18, "2", "Develop", "IA_Menu_Toggle_Left", "Started", "2024-1-19 17:21:11"
19, "2", "Develop", "IA_Menu_Toggle_Left", "Completed", "2024-1-19 17:21:11"
20, "2", "Develop", "IA_Menu_Interact_Left", "Started", "2024-1-19 17:21:13"
21, "2", "Develop", "IA_Menu_Interact_Left", "Completed", "2024-1-19 17:21:13"
22, "2", "Develop", "IA_Menu_Interact_Left", "Started", "2024-1-19 17:21:13"
23, "2", "Develop", "IA_Menu_Interact_Left", "Completed", "2024-1-19 17:21:13"
24, "2", "Develop", "IA_Grab_Left", "Started", "2024-1-19 17:21:14"
25, "2", "Develop", "IA_Grab_Left", "Completed", "2024-1-19 17:21:14"
26, "2", "Develop", "IA_Grab_Left", "Started", "2024-1-19 17:21:15"
27, "2", "Develop", "IA_Grab_Left", "Completed", "2024-1-19 17:21:15"
28, "2", "Develop", "IA_Move_Right", "Started", "2024-1-19 17:22:9"
29, "2", "Develop", "IA_Move_Right", "Completed", "2024-1-19 17:22:10"
30, "2", "Develop", "IA_Move_Right", "Started", "2024-1-19 17:22:12"
31, "2", "Develop", "IA_Move_Right", "Completed", "2024-1-19 17:22:12"
32, "2", "Develop", "IA_Menu_Interact_Right", "Started", "2024-1-19 17:22:13"
33, "2", "Develop", "IA_Menu_Interact_Right", "Completed", "2024-1-19 17:22:13"
34, "0", "S1_BasicMechanics", "IA_Move", "Started", "2024-3-21 11:23:7"
35, "0", "S1_BasicMechanics", "IA_Move", "Completed", "2024-3-21 11:23:7"
36, "0", "S1_BasicMechanics", "IA_Move", "Started", "2024-3-21 11:23:28"
37, "0", "S1_BasicMechanics", "IA_Move", "Completed", "2024-3-21 11:23:30"
38, "0", "S1_BasicMechanics", "IA_Move", "Started", "2024-3-21 11:23:32"
39, "0", "S1_BasicMechanics", "IA_Move", "Completed", "2024-3-21 11:23:32"
40, "0", "S1_BasicMechanics", "", "Started", "2024-3-21 11:23:33"
41, "0", "S1_BasicMechanics", "IA_Grab_Right", "Completed", "2024-3-21 11:23:34"
42, "0", "S1_BasicMechanics", "", "Started", "2024-3-21 11:23:34"
43, "0", "S1_BasicMechanics", "IA_Grab_Right", "Completed", "2024-3-21 11:23:34"
44, "0", "S1_BasicMechanics", "", "Started", "2024-3-21 11:23:35"
45, "0", "S1_BasicMechanics", "IA_Grab_Right", "Completed", "2024-3-21 11:23:35"
46, "0", "S1_BasicMechanics", "", "Started", "2024-3-21 11:23:35"
47, "0", "S1_BasicMechanics", "IA_Grab_Right", "Completed", "2024-3-21 11:23:36"
48, "0", "S1_BasicMechanics", "", "Started", "2024-3-21 11:23:36"
49, "0", "S1_BasicMechanics", "IA_Grab_Right", "Completed", "2024-3-21 11:23:36"
50, "0", "S1_BasicMechanics", "", "Started", "2024-3-21 11:23:36"
51, "0", "S1_BasicMechanics", "IA_Grab_Right", "Completed", "2024-3-21 11:23:36"
52, "0", "S1_BasicMechanics", "", "Started", "2024-3-21 11:23:36"
53, "0", "S1_BasicMechanics", "IA_Grab_Right", "Completed", "2024-3-21 11:23:37"
54, "0", "S1_BasicMechanics", "", "Started", "2024-3-21 11:23:37"
55, "0", "S1_BasicMechanics", "IA_Grab_Right", "Completed", "2024-3-21 11:23:37"
56, "0", "S1_BasicMechanics", "IA_Move", "Started", "2024-3-21 11:23:43"
57, "0", "S1_BasicMechanics", "IA_Move", "Completed", "2024-3-21 11:23:43"
58, "0", "S1_BasicMechanics", "IA_Move", "Started", "2024-3-21 11:23:43"
59, "0", "S1_BasicMechanics", "IA_Move", "Completed", "2024-3-21 11:23:44"
60, "0", "S1_BasicMechanics", "IA_Move", "Started", "2024-3-21 11:23:44"
61, "0", "S1_BasicMechanics", "IA_Move", "Completed", "2024-3-21 11:23:45"
62, "0", "S1_BasicMechanics", "", "Started", "2024-3-21 11:23:52"
63, "0", "S1_BasicMechanics", "IA_Grab_Right", "Completed", "2024-3-21 11:23:52"
64, "0", "S1_BasicMechanics", "", "Started", "2024-3-21 11:23:52"
65, "0", "S1_BasicMechanics", "IA_Grab_Right", "Completed", "2024-3-21 11:23:52"
66, "0", "S1_BasicMechanics", "", "Started", "2024-3-21 11:23:53"
67, "0", "S1_BasicMechanics", "IA_Grab_Right", "Completed", "2024-3-21 11:23:53"
68, "0", "S1_BasicMechanics", "", "Started", "2024-3-21 11:23:53"
69, "0", "S1_BasicMechanics", "IA_Grab_Right", "Completed", "2024-3-21 11:23:53"
70, "0", "S1_BasicMechanics", "", "Started", "2024-3-21 11:23:54"
71, "0", "S1_BasicMechanics", "IA_Grab_Right", "Completed", "2024-3-21 11:23:54"
72, "0", "S1_BasicMechanics", "", "Started", "2024-3-21 11:23:54"
73, "0", "S1_BasicMechanics", "IA_Grab_Right", "Completed", "2024-3-21 11:23:54"
74, "0", "S1_BasicMechanics", "", "Started", "2024-3-21 11:23:54"
75, "0", "S1_BasicMechanics", "IA_Grab_Right", "Completed", "2024-3-21 11:23:55"
76, "0", "S1_BasicMechanics", "", "Started", "2024-3-21 11:23:55"
77, "0", "S1_BasicMechanics", "IA_Grab_Right", "Completed", "2024-3-21 11:23:55"
78, "0", "S1_BasicMechanics", "", "Started", "2024-3-21 11:23:55"
79, "0", "S1_BasicMechanics", "IA_Grab_Right", "Completed", "2024-3-21 11:23:55"
80, "0", "S1_BasicMechanics", "IA_Move", "Started", "2024-3-21 11:23:57"
81, "0", "S1_BasicMechanics", "IA_Move", "Completed", "2024-3-21 11:23:57"
82, "0", "S1_BasicMechanics", "IA_Move", "Started", "2024-3-21 11:23:58"
83, "0", "S1_BasicMechanics", "IA_Move", "Completed", "2024-3-21 11:23:58"
84, "0", "S1_BasicMechanics", "IA_Move", "Started", "2024-3-21 11:23:58"
85, "0", "S1_BasicMechanics", "IA_Move", "Completed", "2024-3-21 11:23:58"
86, "0", "S1_BasicMechanics", "IA_Move", "Started", "2024-3-21 11:23:59"
87, "0", "S1_BasicMechanics", "IA_Move", "Completed", "2024-3-21 11:23:59"
88, "0", "S1_BasicMechanics", "IA_Move", "Started", "2024-3-21 11:24:0"
89, "0", "S1_BasicMechanics", "IA_Move", "Completed", "2024-3-21 11:24:0"
90, "0", "S1_BasicMechanics", "", "Started", "2024-3-21 11:24:2"
91, "0", "S1_BasicMechanics", "IA_Grab_Right", "Completed", "2024-3-21 11:24:14"
92, "0", "S1_BasicMechanics", "", "Started", "2024-3-21 11:24:16"
93, "0", "S1_BasicMechanics", "IA_Grab_Right", "Completed", "2024-3-21 11:24:37"
94, "0", "S1_BasicMechanics", "IA_Move", "Started", "2024-3-21 11:24:40"
95, "0", "S1_BasicMechanics", "IA_Move", "Completed", "2024-3-21 11:24:40"
96, "0", "S1_BasicMechanics", "", "Started", "2024-3-21 11:24:41"
97, "0", "S1_BasicMechanics", "IA_Grab_Right", "Completed", "2024-3-21 11:24:43"
98, "0", "S1_BasicMechanics", "", "Started", "2024-3-21 11:24:45"
99, "0", "S1_BasicMechanics", "IA_Grab_Right", "Completed", "2024-3-21 11:24:46"
100, "0", "S1_BasicMechanics", "", "Started", "2024-3-21 11:24:48"
101, "0", "S1_BasicMechanics", "IA_Grab_Right", "Completed", "2024-3-21 11:24:48"
102, "0", "S1_BasicMechanics", "", "Started", "2024-3-21 11:24:49"
103, "0", "S1_BasicMechanics", "IA_Grab_Right", "Completed", "2024-3-21 11:24:49"
104, "0", "S1_BasicMechanics", "", "Started", "2024-3-21 11:24:49"
105, "0", "S1_BasicMechanics", "IA_Grab_Right", "Completed", "2024-3-21 11:24:50"
106, "0", "S1_BasicMechanics", "", "Started", "2024-3-21 11:24:50"
107, "0", "S1_BasicMechanics", "IA_Grab_Right", "Completed", "2024-3-21 11:24:50"
108, "0", "S1_BasicMechanics", "IA_Move", "Started", "2024-3-21 11:24:52"
109, "0", "S1_BasicMechanics", "IA_Move", "Completed", "2024-3-21 11:24:52"
110, "0", "S1_BasicMechanics", "", "Started", "2024-3-21 11:24:54"
111, "0", "S1_BasicMechanics", "IA_Grab_Right", "Completed", "2024-3-21 11:24:54"
112, "0", "S1_BasicMechanics", "IA_Move", "Started", "2024-3-21 11:24:55"
113, "0", "S1_BasicMechanics", "IA_Move", "Completed", "2024-3-21 11:24:55"
114, "0", "S1_BasicMechanics", "", "Started", "2024-3-21 11:24:56"
115, "0", "S1_BasicMechanics", "IA_Grab_Right", "Completed", "2024-3-21 11:24:56"
116, "0", "S1_BasicMechanics", "", "Started", "2024-3-21 11:24:57"
117, "0", "S1_BasicMechanics", "IA_Grab_Right", "Completed", "2024-3-21 11:24:58"
118, "0", "S1_BasicMechanics", "", "Started", "2024-3-21 11:28:42"
119, "0", "S1_BasicMechanics", "IA_Grab_Right", "Completed", "2024-3-21 11:28:46"
120, "0", "S1_BasicMechanics", "", "Started", "2024-3-21 11:28:48"
121, "0", "S1_BasicMechanics", "IA_Grab_Right", "Completed", "2024-3-21 11:28:48"
122, "0", "S1_BasicMechanics", "", "Started", "2024-3-21 11:29:44"
123, "0", "S1_BasicMechanics", "IA_Grab_Right", "Completed", "2024-3-21 11:29:45"
124, "0", "S1_BasicMechanics", "", "Started", "2024-3-21 11:33:10"
125, "0", "S1_BasicMechanics", "IA_Grab_Right", "Completed", "2024-3-21 11:33:23"
126, "0", "S1_BasicMechanics", "", "Started", "2024-3-21 11:33:24"
127, "0", "S1_BasicMechanics", "IA_Grab_Right", "Completed", "2024-3-21 11:33:25"
128, "0", "S1_BasicMechanics", "", "Started", "2024-3-21 11:33:25"
129, "0", "S1_BasicMechanics", "IA_Grab_Right", "Completed", "2024-3-21 11:33:25"
130, "0", "S1_BasicMechanics", "", "Started", "2024-3-21 12:7:12"
131, "0", "S1_BasicMechanics", "IA_Grab_Right", "Completed", "2024-3-21 12:7:14"
132, "0", "S1_BasicMechanics", "IA_Move", "Started", "2024-3-21 12:7:37"
133, "0", "S1_BasicMechanics", "IA_Move", "Completed", "2024-3-21 12:7:38"
134, "0", "S1_BasicMechanics", "", "Started", "2024-3-21 12:7:39"
135, "0", "S1_BasicMechanics", "IA_Grab_Right", "Completed", "2024-3-21 12:7:40"
136, "0", "S1_BasicMechanics", "", "Started", "2024-3-21 12:7:41"
137, "0", "S1_BasicMechanics", "IA_Grab_Right", "Completed", "2024-3-21 12:7:42"
138, "0", "S1_BasicMechanics", "", "Started", "2024-3-21 12:7:46"
139, "0", "S1_BasicMechanics", "IA_Grab_Right", "Completed", "2024-3-21 12:7:47"
140, "0", "S1_BasicMechanics", "", "Started", "2024-3-21 12:7:47"
141, "0", "S1_BasicMechanics", "IA_Grab_Right", "Completed", "2024-3-21 12:7:48"
142, "0", "S1_BasicMechanics", "", "Started", "2024-3-21 12:7:48"
143, "0", "S1_BasicMechanics", "IA_Grab_Right", "Completed", "2024-3-21 12:7:49"
144, "0", "S1_BasicMechanics", "", "Started", "2024-3-21 12:7:50"
145, "0", "S1_BasicMechanics", "IA_Grab_Right", "Completed", "2024-3-21 12:7:50"
146, "0", "S1_BasicMechanics", "", "Started", "2024-3-21 12:7:51"
147, "0", "S1_BasicMechanics", "IA_Grab_Right", "Completed", "2024-3-21 12:7:52"
148, "0", "S1_BasicMechanics", "", "Started", "2024-3-21 12:7:53"
149, "0", "S1_BasicMechanics", "IA_Grab_Right", "Completed", "2024-3-21 12:7:53"
150, "0", "S1_BasicMechanics", "", "Started", "2024-3-21 12:7:54"
151, "0", "S1_BasicMechanics", "IA_Grab_Right", "Completed", "2024-3-21 12:7:55"
152, "0", "S1_BasicMechanics", "", "Started", "2024-3-21 12:7:56"
153, "0", "S1_BasicMechanics", "IA_Grab_Right", "Completed", "2024-3-21 12:7:58"
154, "0", "S1_BasicMechanics", "", "Started", "2024-3-21 12:7:59"
155, "0", "S1_BasicMechanics", "IA_Grab_Right", "Completed", "2024-3-21 12:8:0"
156, "0", "S1_BasicMechanics", "", "Started", "2024-3-21 12:11:41"
157, "0", "S1_BasicMechanics", "IA_Grab_Right", "Completed", "2024-3-21 12:11:41"
158, "0", "S1_BasicMechanics", "", "Started", "2024-3-21 12:11:42"
159, "0", "S1_BasicMechanics", "IA_Grab_Right", "Completed", "2024-3-21 12:11:42"
160, "0", "S1_BasicMechanics", "IA_Move", "Started", "2024-3-21 12:11:43"
161, "0", "S1_BasicMechanics", "IA_Move", "Completed", "2024-3-21 12:11:43"
162, "0", "S1_BasicMechanics", "IA_Move", "Started", "2024-3-21 12:11:44"
163, "0", "S1_BasicMechanics", "IA_Move", "Completed", "2024-3-21 12:11:44"
164, "0", "S1_BasicMechanics", "IA_Move", "Started", "2024-3-21 12:11:46"
165, "0", "S1_BasicMechanics", "IA_Move", "Completed", "2024-3-21 12:11:46"
166, "0", "S1_BasicMechanics", "IA_Move", "Started", "2024-3-21 12:11:46"
167, "0", "S1_BasicMechanics", "IA_Move", "Completed", "2024-3-21 12:11:47"
168, "0", "S1_BasicMechanics", "IA_Move", "Started", "2024-3-21 12:11:48"
169, "0", "S1_BasicMechanics", "", "Started", "2024-3-21 12:11:48"
170, "0", "S1_BasicMechanics", "IA_Move", "Completed", "2024-3-21 12:11:48"
171, "0", "S1_BasicMechanics", "IA_Grab_Right", "Completed", "2024-3-21 12:11:48"
172, "0", "S1_BasicMechanics", "", "Started", "2024-3-21 12:11:49"
173, "0", "S1_BasicMechanics", "IA_Move", "Started", "2024-3-21 12:11:49"
174, "0", "S1_BasicMechanics", "IA_Grab_Right", "Completed", "2024-3-21 12:11:49"
175, "0", "S1_BasicMechanics", "IA_Move", "Completed", "2024-3-21 12:11:49"
176, "0", "S1_BasicMechanics", "IA_Move", "Started", "2024-3-21 12:11:51"
177, "0", "S1_BasicMechanics", "IA_Move", "Completed", "2024-3-21 12:11:51"
178, "0", "S1_BasicMechanics", "", "Started", "2024-3-21 12:11:53"
179, "0", "S1_BasicMechanics", "IA_Grab_Right", "Completed", "2024-3-21 12:11:53"
180, "0", "S1_BasicMechanics", "", "Started", "2024-3-21 12:13:9"
181, "0", "S1_BasicMechanics", "IA_Grab_Right", "Completed", "2024-3-21 12:13:9"
182, "0", "S1_BasicMechanics", "IA_Move", "Started", "2024-3-21 12:26:32"
183, "0", "S1_BasicMechanics", "IA_Move", "Completed", "2024-3-21 12:26:32"
184, "0", "S1_BasicMechanics", "IA_Move", "Started", "2024-3-21 12:26:35"
185, "0", "S1_BasicMechanics", "IA_Move", "Completed", "2024-3-21 12:26:35"
186, "0", "S1_BasicMechanics", "", "Started", "2024-3-21 12:29:33"
187, "0", "S1_BasicMechanics", "IA_Grab_Right", "Completed", "2024-3-21 12:29:33"
188, "0", "S1_BasicMechanics", "IA_Move", "Started", "2024-3-21 12:33:3"
189, "0", "S1_BasicMechanics", "IA_Move", "Completed", "2024-3-21 12:33:3"
190, "0", "S1_BasicMechanics", "", "Started", "2024-3-21 12:33:4"
191, "0", "S1_BasicMechanics", "IA_Grab_Right", "Completed", "2024-3-21 12:33:7"
192, "0", "S1_BasicMechanics", "", "Started", "2024-3-21 12:33:7"
193, "0", "S1_BasicMechanics", "IA_Grab_Right", "Completed", "2024-3-21 12:33:8"
194, "0", "S1_BasicMechanics", "", "Started", "2024-3-21 12:33:9"
195, "0", "S1_BasicMechanics", "IA_Grab_Right", "Completed", "2024-3-21 12:33:10"
196, "0", "S1_BasicMechanics", "IA_Move", "Started", "2024-3-21 12:35:46"
197, "0", "S1_BasicMechanics", "IA_Move", "Completed", "2024-3-21 12:35:47"
198, "0", "S1_BasicMechanics", "", "Started", "2024-3-21 12:35:47"
199, "0", "S1_BasicMechanics", "IA_Move", "Started", "2024-3-21 12:41:9"
200, "0", "S1_BasicMechanics", "IA_Move", "Completed", "2024-3-21 12:41:10"
201, "0", "S1_BasicMechanics", "", "Started", "2024-3-21 12:41:11"
202, "0", "S1_BasicMechanics", "IA_Grab_Right", "Completed", "2024-3-21 12:41:19"
203, "0", "S1_BasicMechanics", "", "Started", "2024-3-21 12:41:25"
204, "0", "S1_BasicMechanics", "IA_Grab_Right", "Completed", "2024-3-21 12:41:26"
205, "0", "S1_BasicMechanics", "", "Started", "2024-3-21 12:41:29"
206, "0", "S1_BasicMechanics", "IA_Grab_Right", "Completed", "2024-3-21 12:41:29"
207, "0", "S1_BasicMechanics", "", "Started", "2024-3-21 12:41:31"
208, "0", "S1_BasicMechanics", "IA_Grab_Right", "Completed", "2024-3-21 12:41:33"
209, "0", "S1_BasicMechanics", "", "Started", "2024-3-21 12:41:36"
210, "0", "S1_BasicMechanics", "IA_Grab_Right", "Completed", "2024-3-21 12:41:38"
211, "0", "S1_BasicMechanics", "", "Started", "2024-3-21 12:41:39"
212, "0", "S1_BasicMechanics", "IA_Grab_Right", "Completed", "2024-3-21 12:41:39"
213, "0", "S1_BasicMechanics", "", "Started", "2024-3-21 12:41:41"
214, "0", "S1_BasicMechanics", "IA_Grab_Right", "Completed", "2024-3-21 12:41:41"
215, "0", "S1_BasicMechanics", "", "Started", "2024-3-21 12:41:41"
216, "0", "S1_BasicMechanics", "IA_Grab_Right", "Completed", "2024-3-21 12:41:41"
217, "0", "S1_BasicMechanics", "IA_Move", "Started", "2024-3-21 12:45:44"
218, "0", "S1_BasicMechanics", "IA_Move", "Completed", "2024-3-21 12:45:44"
219, "0", "S1_BasicMechanics", "", "Started", "2024-3-21 12:45:45"
220, "0", "S1_BasicMechanics", "IA_Grab_Right", "Completed", "2024-3-21 12:45:45"
221, "0", "S1_BasicMechanics", "", "Started", "2024-3-21 12:45:47"
222, "0", "S1_BasicMechanics", "IA_Grab_Right", "Completed", "2024-3-21 12:45:47"
223, "0", "S1_BasicMechanics", "", "Started", "2024-3-21 12:45:49"
224, "0", "S1_BasicMechanics", "IA_Grab_Right", "Completed", "2024-3-21 12:45:50"
225, "0", "S1_BasicMechanics", "", "Started", "2024-3-21 12:45:52"
226, "0", "S1_BasicMechanics", "IA_Grab_Right", "Completed", "2024-3-21 12:45:52"
227, "0", "S1_BasicMechanics", "", "Started", "2024-3-21 12:45:54"
228, "0", "S1_BasicMechanics", "IA_Grab_Right", "Completed", "2024-3-21 12:45:54"
229, "0", "S1_BasicMechanics", "", "Started", "2024-3-21 12:45:59"
230, "0", "S1_BasicMechanics", "IA_Grab_Right", "Completed", "2024-3-21 12:46:1"
231, "0", "S1_BasicMechanics", "", "Started", "2024-3-21 12:46:2"
232, "0", "S1_BasicMechanics", "IA_Grab_Right", "Completed", "2024-3-21 12:46:2"
233, "0", "S1_BasicMechanics", "", "Started", "2024-3-21 12:46:8"
234, "0", "S1_BasicMechanics", "IA_Grab_Right", "Completed", "2024-3-21 12:46:9"
235, "2", "MainMenu", "IA_Menu_Interact_Right", "Started", "2024-4-1 16:39:3"
236, "2", "MainMenu", "IA_Menu_Interact_Right", "Completed", "2024-4-1 16:39:3"
237, "2", "MainMenu", "IA_Menu_Interact_Right", "Started", "2024-4-1 16:39:4"
238, "2", "MainMenu", "IA_Menu_Interact_Right", "Completed", "2024-4-1 16:39:4"
239, "2", "MainMenu", "IA_Menu_Interact_Right", "Started", "2024-4-1 16:39:6"
240, "2", "MainMenu", "IA_Menu_Interact_Right", "Completed", "2024-4-1 16:39:6"
241, "2", "MainMenu", "IA_Menu_Interact_Right", "Started", "2024-4-1 16:39:18"
242, "2", "MainMenu", "IA_Menu_Interact_Right", "Completed", "2024-4-1 16:39:18"
243, "2", "MainMenu", "IA_Menu_Interact_Right", "Started", "2024-4-1 16:39:26"
244, "2", "MainMenu", "IA_Menu_Interact_Right", "Completed", "2024-4-1 16:39:26"
245, "2", "MainMenu", "IA_Menu_Interact_Right", "Started", "2024-4-1 16:43:36"
246, "2", "MainMenu", "IA_Menu_Interact_Right", "Completed", "2024-4-1 16:43:36"
247, "2", "MainMenu", "IA_Menu_Interact_Right", "Started", "2024-4-1 16:43:37"
248, "2", "MainMenu", "IA_Menu_Interact_Right", "Completed", "2024-4-1 16:43:37"
249, "2", "MainMenu", "IA_Menu_Interact_Right", "Started", "2024-4-1 18:14:50"
250, "2", "MainMenu", "IA_Menu_Interact_Right", "Completed", "2024-4-1 18:14:50"
251, "2", "MainMenu", "IA_Menu_Interact_Right", "Started", "2024-4-1 18:14:56"
252, "2", "MainMenu", "IA_Menu_Interact_Right", "Completed", "2024-4-1 18:14:56"
253, "2", "MainMenu", "IA_Menu_Interact_Right", "Started", "2024-4-1 18:17:10"
254, "2", "MainMenu", "IA_Menu_Interact_Right", "Completed", "2024-4-1 18:17:10"
255, "2", "MainMenu", "IA_Menu_Interact_Right", "Started", "2024-4-1 18:17:10"
256, "2", "MainMenu", "IA_Menu_Interact_Right", "Completed", "2024-4-1 18:17:10"
257, "2", "MainMenu", "IA_Menu_Interact_Right", "Started", "2024-4-1 18:17:15"
258, "2", "MainMenu", "IA_Menu_Interact_Right", "Completed", "2024-4-1 18:17:15"
259, "2", "MainMenu", "IA_Menu_Interact_Right", "Started", "2024-4-1 18:17:16"
260, "2", "MainMenu", "IA_Menu_Interact_Right", "Completed", "2024-4-1 18:17:16"
261, "2", "MainMenu", "IA_Menu_Interact_Right", "Started", "2024-4-1 18:19:20"
262, "2", "MainMenu", "IA_Menu_Interact_Right", "Completed", "2024-4-1 18:19:20"
263, "2", "MainMenu", "IA_Menu_Interact_Right", "Started", "2024-4-1 18:19:21"
264, "2", "MainMenu", "IA_Menu_Interact_Right", "Completed", "2024-4-1 18:19:21"
265, "2", "MainMenu", "IA_Menu_Interact_Right", "Started", "2024-4-1 18:19:21"
266, "2", "MainMenu", "IA_Menu_Interact_Right", "Completed", "2024-4-1 18:19:21"
267, "2", "MainMenu", "IA_Menu_Interact_Right", "Started", "2024-4-1 18:19:25"
268, "2", "MainMenu", "IA_Menu_Interact_Right", "Completed", "2024-4-1 18:19:25"
269, "2", "MainMenu", "IA_Menu_Interact_Right", "Started", "2024-4-1 18:19:26"
270, "2", "MainMenu", "IA_Menu_Interact_Right", "Completed", "2024-4-1 18:19:26"
271, "2", "MainMenu", "IA_Menu_Interact_Right", "Started", "2024-4-1 18:20:58"
272, "2", "MainMenu", "IA_Menu_Interact_Right", "Completed", "2024-4-1 18:20:58"
273, "2", "MainMenu", "IA_Menu_Interact_Right", "Started", "2024-4-1 18:20:59"
274, "2", "MainMenu", "IA_Menu_Interact_Right", "Completed", "2024-4-1 18:20:59"
275, "2", "MainMenu", "IA_Menu_Interact_Right", "Started", "2024-4-1 18:22:55"
276, "2", "MainMenu", "IA_Menu_Interact_Right", "Completed", "2024-4-1 18:22:55"
277, "2", "MainMenu", "IA_Menu_Interact_Right", "Started", "2024-4-1 18:23:41"
278, "2", "MainMenu", "IA_Menu_Interact_Right", "Completed", "2024-4-1 18:23:41"
279, "0", "MainMenu", "", "Started", "2024-4-1 18:28:31"
280, "0", "MainMenu", "IA_Grab_Right", "Completed", "2024-4-1 18:28:31"
281, "0", "MainMenu", "", "Started", "2024-4-1 18:28:32"
282, "0", "MainMenu", "IA_Grab_Right", "Completed", "2024-4-1 18:28:32"
283, "0", "MainMenu", "", "Started", "2024-4-1 18:28:32"
284, "0", "MainMenu", "IA_Grab_Right", "Completed", "2024-4-1 18:28:33"
285, "0", "MainMenu", "", "Started", "2024-4-1 18:28:33"
286, "0", "MainMenu", "IA_Grab_Right", "Completed", "2024-4-1 18:28:33"
287, "0", "MainMenu", "", "Started", "2024-4-1 18:28:33"
288, "0", "MainMenu", "IA_Grab_Right", "Completed", "2024-4-1 18:28:33"
289, "0", "MainMenu", "", "Started", "2024-4-1 18:28:33"
290, "0", "MainMenu", "IA_Grab_Right", "Completed", "2024-4-1 18:28:34"
291, "0", "MainMenu", "", "Started", "2024-4-1 18:28:34"
292, "0", "MainMenu", "IA_Grab_Right", "Completed", "2024-4-1 18:28:34"
293, "2", "MainMenu", "IA_Menu_Interact_Right", "Started", "2024-4-1 18:29:53"
294, "2", "MainMenu", "IA_Menu_Interact_Right", "Completed", "2024-4-1 18:29:53"
295, "2", "MainMenu", "IA_Menu_Interact_Right", "Started", "2024-4-1 18:29:59"
296, "2", "MainMenu", "IA_Menu_Interact_Right", "Completed", "2024-4-1 18:29:59"
297, "2", "MainMenu", "IA_Menu_Interact_Right", "Started", "2024-4-1 18:30:1"
298, "2", "MainMenu", "IA_Menu_Interact_Right", "Completed", "2024-4-1 18:30:1"
299, "2", "MainMenu", "IA_Menu_Interact_Right", "Started", "2024-4-1 18:30:3"
300, "2", "MainMenu", "IA_Menu_Interact_Right", "Completed", "2024-4-1 18:30:3"
301, "1", "MainMenu", "IA_Menu_Interact_Right", "Started", "2024-4-1 18:30:4"
302, "1", "MainMenu", "IA_Menu_Interact_Right", "Completed", "2024-4-1 18:30:4"
303, "1", "MainMenu", "IA_Menu_Interact_Right", "Started", "2024-4-1 18:30:5"
304, "1", "MainMenu", "IA_Menu_Interact_Right", "Completed", "2024-4-1 18:30:5"
305, "1", "MainMenu", "IA_Menu_Interact_Right", "Started", "2024-4-1 18:30:5"
306, "1", "MainMenu", "IA_Menu_Interact_Right", "Completed", "2024-4-1 18:30:5"
307, "1", "MainMenu", "IA_Menu_Interact_Right", "Started", "2024-4-1 18:30:5"
308, "1", "MainMenu", "IA_Menu_Interact_Right", "Completed", "2024-4-1 18:30:5"
309, "1", "MainMenu", "IA_Menu_Interact_Right", "Started", "2024-4-1 18:30:6"
310, "1", "MainMenu", "IA_Menu_Interact_Right", "Completed", "2024-4-1 18:30:6"
311, "1", "MainMenu", "IA_Menu_Interact_Right", "Started", "2024-4-1 18:30:6"
312, "1", "MainMenu", "IA_Menu_Interact_Right", "Completed", "2024-4-1 18:30:6"
313, "1", "MainMenu", "IA_Menu_Interact_Right", "Started", "2024-4-1 18:30:6"
314, "1", "MainMenu", "IA_Menu_Interact_Right", "Completed", "2024-4-1 18:30:6"
315, "1", "MainMenu", "IA_Menu_Interact_Right", "Started", "2024-4-1 18:30:7"
316, "1", "MainMenu", "IA_Menu_Interact_Right", "Completed", "2024-4-1 18:30:7"
317, "1", "MainMenu", "IA_Menu_Interact_Right", "Started", "2024-4-1 18:30:7"
318, "1", "MainMenu", "IA_Menu_Interact_Right", "Completed", "2024-4-1 18:30:7"
319, "1", "MainMenu", "IA_Menu_Interact_Right", "Started", "2024-4-1 18:30:7"
320, "1", "MainMenu", "IA_Menu_Interact_Right", "Completed", "2024-4-1 18:30:7"
321, "1", "MainMenu", "IA_Menu_Interact_Right", "Started", "2024-4-1 18:30:8"
322, "1", "MainMenu", "IA_Menu_Interact_Right", "Completed", "2024-4-1 18:30:8"
323, "1", "MainMenu", "IA_Menu_Interact_Right", "Started", "2024-4-1 18:30:8"
324, "1", "MainMenu", "IA_Menu_Interact_Right", "Completed", "2024-4-1 18:30:8"
325, "1", "MainMenu", "IA_Menu_Interact_Right", "Started", "2024-4-1 18:30:8"
326, "1", "MainMenu", "IA_Menu_Interact_Right", "Completed", "2024-4-1 18:30:8"
327, "1", "MainMenu", "IA_Menu_Interact_Right", "Started", "2024-4-1 18:30:8"
328, "1", "MainMenu", "IA_Menu_Interact_Right", "Completed", "2024-4-1 18:30:9"
329, "1", "MainMenu", "IA_Menu_Interact_Right", "Started", "2024-4-1 18:30:9"
330, "1", "MainMenu", "IA_Menu_Interact_Right", "Completed", "2024-4-1 18:30:9"
331, "1", "MainMenu", "IA_Menu_Interact_Right", "Started", "2024-4-1 18:30:9"
332, "1", "MainMenu", "IA_Menu_Interact_Right", "Completed", "2024-4-1 18:30:9"
333, "1", "MainMenu", "IA_Menu_Interact_Right", "Started", "2024-4-1 18:30:9"
334, "1", "MainMenu", "IA_Menu_Interact_Right", "Completed", "2024-4-1 18:30:9"
335, "1", "MainMenu", "IA_Menu_Interact_Right", "Started", "2024-4-1 18:30:10"
336, "1", "MainMenu", "IA_Menu_Interact_Right", "Completed", "2024-4-1 18:30:10"
337, "1", "MainMenu", "IA_Menu_Interact_Right", "Started", "2024-4-1 18:30:10"
338, "1", "MainMenu", "IA_Menu_Interact_Right", "Completed", "2024-4-1 18:30:11"
339, "1", "MainMenu", "IA_Menu_Interact_Right", "Started", "2024-4-1 18:30:11"
340, "1", "MainMenu", "IA_Menu_Interact_Right", "Completed", "2024-4-1 18:30:11"
341, "1", "MainMenu", "IA_Menu_Interact_Right", "Started", "2024-4-1 18:30:11"
342, "1", "MainMenu", "IA_Menu_Interact_Right", "Completed", "2024-4-1 18:30:11"
343, "1", "MainMenu", "IA_Menu_Interact_Right", "Started", "2024-4-1 18:30:11"
344, "1", "MainMenu", "IA_Menu_Interact_Right", "Completed", "2024-4-1 18:30:11"
345, "1", "MainMenu", "IA_Menu_Interact_Right", "Started", "2024-4-1 18:30:12"
346, "1", "MainMenu", "IA_Menu_Interact_Right", "Completed", "2024-4-1 18:30:12"
347, "1", "MainMenu", "IA_Menu_Interact_Right", "Started", "2024-4-1 18:30:12"
348, "1", "MainMenu", "IA_Menu_Interact_Right", "Completed", "2024-4-1 18:30:12"
349, "1", "MainMenu", "IA_Menu_Interact_Right", "Started", "2024-4-1 18:30:12"
350, "1", "MainMenu", "IA_Menu_Interact_Right", "Completed", "2024-4-1 18:30:12"
351, "1", "MainMenu", "IA_Menu_Interact_Right", "Started", "2024-4-1 18:30:12"
352, "1", "MainMenu", "IA_Menu_Interact_Right", "Completed", "2024-4-1 18:30:12"
353, "1", "MainMenu", "IA_Menu_Interact_Right", "Started", "2024-4-1 18:30:13"
354, "1", "MainMenu", "IA_Menu_Interact_Right", "Completed", "2024-4-1 18:30:13"
355, "1", "MainMenu", "IA_Menu_Interact_Right", "Started", "2024-4-1 18:30:13"
356, "1", "MainMenu", "IA_Menu_Interact_Right", "Completed", "2024-4-1 18:30:13"
357, "1", "MainMenu", "IA_Menu_Interact_Right", "Started", "2024-4-1 18:30:13"
358, "1", "MainMenu", "IA_Menu_Interact_Right", "Completed", "2024-4-1 18:30:13"
359, "1", "MainMenu", "IA_Menu_Interact_Right", "Started", "2024-4-1 18:30:13"
360, "1", "MainMenu", "IA_Menu_Interact_Right", "Completed", "2024-4-1 18:30:13"
361, "1", "MainMenu", "IA_Menu_Interact_Right", "Started", "2024-4-1 18:30:13"
362, "1", "MainMenu", "IA_Menu_Interact_Right", "Completed", "2024-4-1 18:30:14"
363, "1", "MainMenu", "IA_Menu_Interact_Right", "Started", "2024-4-1 18:30:14"
364, "1", "MainMenu", "IA_Menu_Interact_Right", "Completed", "2024-4-1 18:30:14"
365, "1", "MainMenu", "IA_Menu_Interact_Right", "Started", "2024-4-1 18:30:14"
366, "1", "MainMenu", "IA_Menu_Interact_Right", "Completed", "2024-4-1 18:30:14"
367, "1", "MainMenu", "IA_Menu_Interact_Right", "Started", "2024-4-1 18:30:14"
368, "1", "MainMenu", "IA_Menu_Interact_Right", "Completed", "2024-4-1 18:30:14"
369, "1", "MainMenu", "IA_Menu_Interact_Right", "Started", "2024-4-1 18:30:14"
370, "1", "MainMenu", "IA_Menu_Interact_Right", "Completed", "2024-4-1 18:30:14"
371, "1", "MainMenu", "IA_Menu_Interact_Right", "Started", "2024-4-1 18:30:14"
372, "1", "MainMenu", "IA_Menu_Interact_Right", "Completed", "2024-4-1 18:30:15"
373, "1", "MainMenu", "IA_Menu_Interact_Right", "Started", "2024-4-1 18:30:15"
374, "1", "MainMenu", "IA_Menu_Interact_Right", "Completed", "2024-4-1 18:30:15"
375, "1", "MainMenu", "IA_Menu_Interact_Right", "Started", "2024-4-1 18:30:15"
376, "1", "MainMenu", "IA_Menu_Interact_Right", "Completed", "2024-4-1 18:30:15"
377, "1", "MainMenu", "IA_Menu_Interact_Right", "Started", "2024-4-1 18:30:15"
378, "1", "MainMenu", "IA_Menu_Interact_Right", "Completed", "2024-4-1 18:30:15"
379, "1", "MainMenu", "IA_Menu_Interact_Right", "Started", "2024-4-1 18:30:15"
380, "1", "MainMenu", "IA_Menu_Interact_Right", "Completed", "2024-4-1 18:30:15"
381, "1", "MainMenu", "IA_Menu_Interact_Right", "Started", "2024-4-1 18:30:15"
382, "1", "MainMenu", "IA_Menu_Interact_Right", "Completed", "2024-4-1 18:30:16"
383, "1", "MainMenu", "IA_Menu_Interact_Right", "Started", "2024-4-1 18:30:16"
384, "1", "MainMenu", "IA_Menu_Interact_Right", "Completed", "2024-4-1 18:30:16"
385, "1", "MainMenu", "IA_Menu_Interact_Right", "Started", "2024-4-1 18:30:16"
386, "1", "MainMenu", "IA_Menu_Interact_Right", "Completed", "2024-4-1 18:30:16"
387, "1", "MainMenu", "IA_Menu_Interact_Right", "Started", "2024-4-1 18:30:16"
388, "1", "MainMenu", "IA_Menu_Interact_Right", "Completed", "2024-4-1 18:30:16"
389, "1", "MainMenu", "IA_Menu_Interact_Right", "Started", "2024-4-1 18:30:16"
390, "1", "MainMenu", "IA_Menu_Interact_Right", "Completed", "2024-4-1 18:30:16"
391, "1", "MainMenu", "IA_Menu_Interact_Right", "Started", "2024-4-1 18:30:17"
392, "1", "MainMenu", "IA_Menu_Interact_Right", "Completed", "2024-4-1 18:30:17"
393, "1", "MainMenu", "IA_Menu_Interact_Right", "Started", "2024-4-1 18:30:17"
394, "1", "MainMenu", "IA_Menu_Interact_Right", "Completed", "2024-4-1 18:30:17"
395, "1", "MainMenu", "IA_Menu_Interact_Right", "Started", "2024-4-1 18:30:17"
396, "1", "MainMenu", "IA_Menu_Interact_Right", "Completed", "2024-4-1 18:30:17"
397, "1", "MainMenu", "IA_Menu_Interact_Right", "Started", "2024-4-1 18:30:17"
398, "1", "MainMenu", "IA_Menu_Interact_Right", "Completed", "2024-4-1 18:30:17"
399, "1", "MainMenu", "IA_Menu_Interact_Right", "Started", "2024-4-1 18:30:17"
400, "1", "MainMenu", "IA_Menu_Interact_Right", "Completed", "2024-4-1 18:30:17"
401, "1", "MainMenu", "IA_Menu_Interact_Right", "Started", "2024-4-1 18:30:17"
402, "1", "MainMenu", "IA_Menu_Interact_Right", "Completed", "2024-4-1 18:30:18"
403, "1", "MainMenu", "IA_Menu_Interact_Right", "Started", "2024-4-1 18:30:18"
404, "1", "MainMenu", "IA_Menu_Interact_Right", "Completed", "2024-4-1 18:30:18"
405, "1", "MainMenu", "IA_Menu_Interact_Right", "Started", "2024-4-1 18:30:18"
406, "1", "MainMenu", "IA_Menu_Interact_Right", "Completed", "2024-4-1 18:30:18"
407, "1", "MainMenu", "IA_Menu_Interact_Right", "Started", "2024-4-1 18:30:18"
408, "1", "MainMenu", "IA_Menu_Interact_Right", "Completed", "2024-4-1 18:30:18"
409, "1", "MainMenu", "IA_Menu_Interact_Right", "Started", "2024-4-1 18:30:18"
410, "1", "MainMenu", "IA_Menu_Interact_Right", "Completed", "2024-4-1 18:30:18"
411, "1", "MainMenu", "IA_Menu_Interact_Right", "Started", "2024-4-1 18:30:18"
412, "1", "MainMenu", "IA_Menu_Interact_Right", "Completed", "2024-4-1 18:30:18"
413, "1", "MainMenu", "IA_Menu_Interact_Right", "Started", "2024-4-1 18:30:19"
414, "1", "MainMenu", "IA_Menu_Interact_Right", "Completed", "2024-4-1 18:30:19"
415, "1", "MainMenu", "IA_Menu_Interact_Right", "Started", "2024-4-1 18:30:19"
416, "1", "MainMenu", "IA_Menu_Interact_Right", "Completed", "2024-4-1 18:30:19"
417, "2", "MainMenu", "IA_Menu_Interact_Right", "Started", "2024-4-1 18:33:40"
418, "2", "MainMenu", "IA_Menu_Interact_Right", "Completed", "2024-4-1 18:33:40"
419, "2", "MainMenu", "IA_Menu_Interact_Right", "Started", "2024-4-1 18:33:41"
420, "2", "MainMenu", "IA_Menu_Interact_Right", "Completed", "2024-4-1 18:33:41"
421, "2", "MainMenu", "IA_Menu_Interact_Right", "Started", "2024-4-1 18:33:41"
422, "2", "MainMenu", "IA_Menu_Interact_Right", "Completed", "2024-4-1 18:33:41"
423, "2", "MainMenu", "IA_Menu_Interact_Right", "Started", "2024-4-1 18:33:47"
424, "2", "MainMenu", "IA_Menu_Interact_Right", "Completed", "2024-4-1 18:33:47"
425, "2", "MainMenu", "IA_Menu_Interact_Right", "Started", "2024-4-1 18:33:47"
426, "2", "MainMenu", "IA_Menu_Interact_Right", "Completed", "2024-4-1 18:33:48"
427, "2", "MainMenu", "IA_Menu_Interact_Right", "Started", "2024-4-1 18:37:35"
428, "2", "MainMenu", "IA_Menu_Interact_Right", "Completed", "2024-4-1 18:37:36"
429, "2", "MainMenu", "IA_Menu_Interact_Right", "Started", "2024-4-1 18:37:36"
430, "2", "MainMenu", "IA_Menu_Interact_Right", "Completed", "2024-4-1 18:37:36"
431, "2", "MainMenu", "IA_Menu_Interact_Right", "Started", "2024-4-1 18:37:36"
432, "2", "MainMenu", "IA_Menu_Interact_Right", "Completed", "2024-4-1 18:37:36"
433, "2", "MainMenu", "IA_Menu_Interact_Right", "Started", "2024-4-1 18:37:37"
434, "2", "MainMenu", "IA_Menu_Interact_Right", "Completed", "2024-4-1 18:37:37"
435, "2", "MainMenu", "IA_Menu_Interact_Right", "Started", "2024-4-1 18:37:48"
436, "2", "MainMenu", "IA_Menu_Interact_Right", "Completed", "2024-4-1 18:37:49"
437, "2", "MainMenu", "IA_Menu_Interact_Right", "Started", "2024-4-1 18:37:50"
438, "2", "MainMenu", "IA_Menu_Interact_Right", "Completed", "2024-4-1 18:37:50"
439, "3", "MainMenu", "IA_Menu_Interact_Right", "Started", "2024-4-1 18:37:51"
440, "3", "MainMenu", "IA_Menu_Interact_Right", "Completed", "2024-4-1 18:37:52"
441, "3", "MainMenu", "IA_Menu_Interact_Right", "Started", "2024-4-1 18:37:52"
442, "3", "MainMenu", "IA_Menu_Interact_Right", "Completed", "2024-4-1 18:37:52"
443, "3", "MainMenu", "IA_Menu_Interact_Right", "Started", "2024-4-1 18:37:52"
444, "3", "MainMenu", "IA_Menu_Interact_Right", "Completed", "2024-4-1 18:37:52"
445, "3", "MainMenu", "IA_Menu_Interact_Right", "Started", "2024-4-1 18:37:52"
446, "3", "MainMenu", "IA_Menu_Interact_Right", "Completed", "2024-4-1 18:37:52"
447, "3", "MainMenu", "IA_Menu_Interact_Right", "Started", "2024-4-1 18:37:52"
448, "3", "MainMenu", "IA_Menu_Interact_Right", "Completed", "2024-4-1 18:37:53"
449, "3", "MainMenu", "IA_Menu_Interact_Right", "Started", "2024-4-1 18:37:53"
450, "3", "MainMenu", "IA_Menu_Interact_Right", "Completed", "2024-4-1 18:37:53"
451, "3", "MainMenu", "IA_Menu_Interact_Right", "Started", "2024-4-1 18:37:53"
452, "3", "MainMenu", "IA_Menu_Interact_Right", "Completed", "2024-4-1 18:37:53"
453, "3", "MainMenu", "IA_Menu_Interact_Right", "Started", "2024-4-1 18:37:53"
454, "3", "MainMenu", "IA_Menu_Interact_Right", "Completed", "2024-4-1 18:37:53"
455, "3", "MainMenu", "IA_Menu_Interact_Right", "Started", "2024-4-1 18:37:53"
456, "3", "MainMenu", "IA_Menu_Interact_Right", "Completed", "2024-4-1 18:37:53"
457, "3", "MainMenu", "IA_Menu_Interact_Right", "Started", "2024-4-1 18:37:53"
458, "3", "MainMenu", "IA_Menu_Interact_Right", "Completed", "2024-4-1 18:37:53"
459, "3", "MainMenu", "IA_Menu_Interact_Right", "Started", "2024-4-1 18:37:54"
460, "3", "MainMenu", "IA_Menu_Interact_Right", "Completed", "2024-4-1 18:37:54"
461, "3", "MainMenu", "IA_Menu_Interact_Right", "Started", "2024-4-1 18:37:54"
462, "3", "MainMenu", "IA_Menu_Interact_Right", "Completed", "2024-4-1 18:37:54"
463, "3", "MainMenu", "IA_Menu_Interact_Right", "Started", "2024-4-1 18:37:54"
464, "3", "MainMenu", "IA_Menu_Interact_Right", "Completed", "2024-4-1 18:37:54"
465, "3", "MainMenu", "IA_Menu_Interact_Right", "Started", "2024-4-1 18:37:54"
466, "3", "MainMenu", "IA_Menu_Interact_Right", "Completed", "2024-4-1 18:37:54"
467, "3", "MainMenu", "IA_Menu_Interact_Right", "Started", "2024-4-1 18:37:54"
468, "3", "MainMenu", "IA_Menu_Interact_Right", "Completed", "2024-4-1 18:37:54"
469, "3", "MainMenu", "IA_Menu_Interact_Right", "Started", "2024-4-1 18:37:55"
470, "3", "MainMenu", "IA_Menu_Interact_Right", "Completed", "2024-4-1 18:37:55"
471, "3", "MainMenu", "IA_Menu_Interact_Right", "Started", "2024-4-1 18:37:55"
472, "3", "MainMenu", "IA_Menu_Interact_Right", "Completed", "2024-4-1 18:37:55"
473, "3", "MainMenu", "IA_Menu_Interact_Right", "Started", "2024-4-1 18:37:55"
474, "3", "MainMenu", "IA_Menu_Interact_Right", "Completed", "2024-4-1 18:37:55"
475, "3", "MainMenu", "IA_Menu_Interact_Right", "Started", "2024-4-1 18:37:55"
476, "3", "MainMenu", "IA_Menu_Interact_Right", "Completed", "2024-4-1 18:37:55"
477, "3", "MainMenu", "IA_Menu_Interact_Right", "Started", "2024-4-1 18:37:55"
478, "3", "MainMenu", "IA_Menu_Interact_Right", "Completed", "2024-4-1 18:37:55"
479, "3", "MainMenu", "IA_Menu_Interact_Right", "Started", "2024-4-1 18:37:56"
480, "3", "MainMenu", "IA_Menu_Interact_Right", "Completed", "2024-4-1 18:37:56"
481, "3", "MainMenu", "IA_Menu_Interact_Right", "Started", "2024-4-1 18:37:56"
482, "3", "MainMenu", "IA_Menu_Interact_Right", "Completed", "2024-4-1 18:37:56"
483, "3", "MainMenu", "IA_Menu_Interact_Right", "Started", "2024-4-1 18:37:56"
484, "3", "MainMenu", "IA_Menu_Interact_Right", "Completed", "2024-4-1 18:37:56"
485, "3", "MainMenu", "IA_Menu_Interact_Right", "Started", "2024-4-1 18:37:57"
486, "3", "MainMenu", "IA_Menu_Interact_Right", "Completed", "2024-4-1 18:37:57"
487, "3", "MainMenu", "IA_Menu_Interact_Right", "Started", "2024-4-1 18:37:57"
488, "3", "MainMenu", "IA_Menu_Interact_Right", "Completed", "2024-4-1 18:37:58"
489, "2", "MainMenu", "IA_Menu_Interact_Right", "Started", "2024-4-1 18:42:27"
490, "2", "MainMenu", "IA_Menu_Interact_Right", "Completed", "2024-4-1 18:42:27"
491, "2", "MainMenu", "IA_Menu_Interact_Right", "Started", "2024-4-1 18:42:27"
492, "2", "MainMenu", "IA_Menu_Interact_Right", "Completed", "2024-4-1 18:42:28"
493, "2", "MainMenu", "IA_Menu_Interact_Right", "Started", "2024-4-1 18:42:28"
494, "2", "MainMenu", "IA_Menu_Interact_Right", "Completed", "2024-4-1 18:42:28"
495, "2", "MainMenu", "IA_Menu_Interact_Right", "Started", "2024-4-1 18:42:28"
496, "2", "MainMenu", "IA_Menu_Interact_Right", "Completed", "2024-4-1 18:42:28"
497, "2", "MainMenu", "IA_Menu_Interact_Right", "Started", "2024-4-1 18:42:58"
498, "2", "MainMenu", "IA_Menu_Interact_Right", "Completed", "2024-4-1 18:42:58"
499, "2", "MainMenu", "IA_Menu_Interact_Right", "Started", "2024-4-1 18:42:58"
500, "2", "MainMenu", "IA_Menu_Interact_Right", "Completed", "2024-4-1 18:42:58"
501, "2", "MainMenu", "IA_Menu_Interact_Right", "Started", "2024-4-1 18:43:6"
502, "2", "MainMenu", "IA_Menu_Interact_Right", "Completed", "2024-4-1 18:43:6"
503, "2", "MainMenu", "IA_Menu_Interact_Right", "Started", "2024-4-1 18:43:28"
504, "2", "MainMenu", "IA_Menu_Interact_Right", "Completed", "2024-4-1 18:43:28"
505, "2", "MainMenu", "IA_Menu_Interact_Right", "Started", "2024-4-1 18:43:28"
506, "2", "MainMenu", "IA_Menu_Interact_Right", "Completed", "2024-4-1 18:43:28"
507, "2", "MainMenu", "IA_Menu_Interact_Right", "Started", "2024-4-1 18:43:29"
508, "2", "MainMenu", "IA_Menu_Interact_Right", "Started", "2024-4-1 18:48:51"
509, "2", "MainMenu", "IA_Menu_Interact_Right", "Completed", "2024-4-1 18:48:51"
510, "2", "MainMenu", "IA_Menu_Interact_Right", "Started", "2024-4-1 18:48:52"
511, "2", "MainMenu", "IA_Menu_Interact_Right", "Completed", "2024-4-1 18:48:52"
512, "0", "S1_BasicMechanics", "IA_Move", "Started", "2024-4-1 18:49:16"
513, "0", "S1_BasicMechanics", "IA_Move", "Completed", "2024-4-1 18:49:17"
514, "0", "S1_BasicMechanics", "", "Started", "2024-4-1 18:49:17"
515, "0", "S1_BasicMechanics", "IA_Grab_Right", "Completed", "2024-4-1 18:49:19"
516, "0", "S1_BasicMechanics", "", "Started", "2024-4-1 18:49:20"
517, "0", "S1_BasicMechanics", "IA_Grab_Right", "Completed", "2024-4-1 18:49:20"
518, "0", "S1_BasicMechanics", "", "Started", "2024-4-1 18:49:24"
519, "0", "S1_BasicMechanics", "IA_Grab_Right", "Completed", "2024-4-1 18:49:25"
520, "0", "S1_BasicMechanics", "", "Started", "2024-4-1 18:49:25"
521, "0", "S1_BasicMechanics", "IA_Grab_Right", "Completed", "2024-4-1 18:49:26"
522, "0", "S1_BasicMechanics", "", "Started", "2024-4-1 18:49:26"
523, "0", "S1_BasicMechanics", "IA_Grab_Right", "Completed", "2024-4-1 18:49:27"
524, "0", "S1_BasicMechanics", "", "Started", "2024-4-1 18:49:27"
525, "0", "S1_BasicMechanics", "IA_Grab_Right", "Completed", "2024-4-1 18:49:28"
526, "0", "S1_BasicMechanics", "", "Started", "2024-4-1 18:49:29"
527, "0", "S1_BasicMechanics", "IA_Grab_Right", "Completed", "2024-4-1 18:49:30"
528, "2", "MainMenu", "IA_Menu_Interact_Right", "Started", "2024-4-1 19:7:49"
529, "2", "MainMenu", "IA_Menu_Interact_Right", "Completed", "2024-4-1 19:7:49"
530, "2", "MainMenu", "IA_Menu_Interact_Right", "Started", "2024-4-1 19:7:53"
531, "2", "MainMenu", "IA_Menu_Interact_Right", "Completed", "2024-4-1 19:7:53"
532, "2", "MainMenu", "IA_Menu_Interact_Right", "Started", "2024-4-1 19:7:54"
533, "2", "MainMenu", "IA_Menu_Interact_Right", "Completed", "2024-4-1 19:7:54"
534, "2", "MainMenu", "IA_Menu_Interact_Right", "Started", "2024-4-1 19:8:11"
535, "2", "MainMenu", "IA_Menu_Interact_Right", "Completed", "2024-4-1 19:8:11"
536, "2", "MainMenu", "IA_Menu_Interact_Right", "Started", "2024-4-1 19:8:13"
537, "2", "MainMenu", "IA_Menu_Interact_Right", "Completed", "2024-4-1 19:8:13"
538, "2", "MainMenu", "IA_Menu_Interact_Right", "Started", "2024-4-1 19:8:16"
539, "2", "MainMenu", "IA_Menu_Interact_Right", "Completed", "2024-4-1 19:8:17"
540, "0", "S1_BasicMechanics", "IA_Move", "Started", "2024-4-1 19:8:53"
541, "0", "S1_BasicMechanics", "IA_Move", "Completed", "2024-4-1 19:8:55"
542, "0", "S1_BasicMechanics", "", "Started", "2024-4-1 19:8:56"
543, "0", "S1_BasicMechanics", "IA_Grab_Right", "Completed", "2024-4-1 19:8:58"
544, "0", "S1_BasicMechanics", "", "Started", "2024-4-1 19:9:1"
545, "0", "S1_BasicMechanics", "IA_Grab_Right", "Completed", "2024-4-1 19:9:4"
546, "0", "S1_BasicMechanics", "", "Started", "2024-4-1 19:9:16"
547, "0", "S1_BasicMechanics", "IA_Grab_Right", "Completed", "2024-4-1 19:9:19"
548, "0", "S1_BasicMechanics", "IA_Move", "Started", "2024-4-1 19:9:38"
549, "0", "S1_BasicMechanics", "IA_Move", "Completed", "2024-4-1 19:9:39"
550, "0", "S1_BasicMechanics", "IA_Move", "Started", "2024-4-1 19:9:40"
551, "0", "S1_BasicMechanics", "IA_Move", "Completed", "2024-4-1 19:9:40"
552, "0", "S1_BasicMechanics", "", "Started", "2024-4-1 19:9:41"
553, "0", "S1_BasicMechanics", "IA_Grab_Right", "Completed", "2024-4-1 19:9:44"
554, "0", "S1_BasicMechanics", "", "Started", "2024-4-1 19:9:44"
555, "0", "S1_BasicMechanics", "IA_Grab_Right", "Completed", "2024-4-1 19:9:48"
556, "0", "S1_BasicMechanics", "", "Started", "2024-4-1 19:9:49"
557, "0", "S1_BasicMechanics", "IA_Grab_Right", "Completed", "2024-4-1 19:9:51"
558, "0", "S1_BasicMechanics", "", "Started", "2024-4-1 19:9:51"
559, "0", "S1_BasicMechanics", "IA_Grab_Right", "Completed", "2024-4-1 19:9:53"
560, "0", "S1_BasicMechanics", "", "Started", "2024-4-1 19:9:53"
561, "0", "S1_BasicMechanics", "IA_Grab_Right", "Completed", "2024-4-1 19:9:56"
562, "0", "S1_BasicMechanics", "", "Started", "2024-4-1 19:9:56"
563, "0", "S1_BasicMechanics", "IA_Grab_Right", "Completed", "2024-4-1 19:9:58"
564, "0", "S1_BasicMechanics", "IA_Move", "Started", "2024-4-1 19:10:0"
565, "0", "S1_BasicMechanics", "IA_Move", "Completed", "2024-4-1 19:10:1"
566, "0", "S1_BasicMechanics", "IA_Move", "Started", "2024-4-1 19:10:2"
567, "0", "S1_BasicMechanics", "IA_Move", "Completed", "2024-4-1 19:10:2"
568, "0", "S1_BasicMechanics", "IA_Move", "Started", "2024-4-1 19:10:4"
569, "0", "S1_BasicMechanics", "IA_Move", "Completed", "2024-4-1 19:10:5"
570, "0", "S1_BasicMechanics", "IA_Move", "Started", "2024-4-1 19:10:6"
571, "0", "S1_BasicMechanics", "IA_Move", "Completed", "2024-4-1 19:10:6"
572, "0", "S1_BasicMechanics", "", "Started", "2024-4-1 19:10:9"
573, "0", "S1_BasicMechanics", "IA_Grab_Right", "Completed", "2024-4-1 19:10:9"
574, "0", "S1_BasicMechanics", "", "Started", "2024-4-1 19:10:10"
575, "0", "S1_BasicMechanics", "IA_Grab_Right", "Completed", "2024-4-1 19:10:11"
576, "0", "S1_BasicMechanics", "", "Started", "2024-4-1 19:10:12"
577, "0", "S1_BasicMechanics", "IA_Grab_Right", "Completed", "2024-4-1 19:10:12"
578, "0", "S1_BasicMechanics", "", "Started", "2024-4-1 19:10:13"
579, "0", "S1_BasicMechanics", "IA_Grab_Right", "Completed", "2024-4-1 19:10:14"
580, "0", "S1_BasicMechanics", "IA_Move", "Started", "2024-4-1 19:10:15"
581, "0", "S1_BasicMechanics", "IA_Move", "Completed", "2024-4-1 19:10:15"
582, "0", "S1_BasicMechanics", "IA_Move", "Started", "2024-4-1 19:10:15"
583, "0", "S1_BasicMechanics", "IA_Move", "Completed", "2024-4-1 19:10:16"
584, "0", "S1_BasicMechanics", "IA_Move", "Started", "2024-4-1 19:10:16"
585, "0", "S1_BasicMechanics", "IA_Move", "Completed", "2024-4-1 19:10:17"
586, "0", "S1_BasicMechanics", "IA_Move", "Started", "2024-4-1 19:10:17"
587, "0", "S1_BasicMechanics", "IA_Move", "Completed", "2024-4-1 19:10:18"
588, "0", "S1_BasicMechanics", "", "Started", "2024-4-1 19:10:20"
589, "0", "S1_BasicMechanics", "IA_Grab_Right", "Completed", "2024-4-1 19:10:20"